Workbook

Sheet Sheet1
A2: Dates | B2: Holiday | D2: Months | E2: Year
A3: 45658 | B3: New Year | D3: Jan | E3: 2025
A4: 45683 | B4: Republic Day | D4: Feb | E4: 2026
A5: 45724 | B5: Holi | D5: Mar | E5: 2027
A6: 45754 | B6: Good Friday | D6: Apr | E6: 2028
A7: 45778 | B7: Labour Day | D7: May | E7: 2029
A8: 45837 | B8: Bakrid | D8: Jun | E8: 2030
A9: 45867 | B9: Muharram | D9: Jul | E9: 2031
A10: 45884 | B10: Independence Day | D10: Aug | E10: 2032
A11: 45899 | B11: Raksha Bandhan | D11: Sep | E11: 2033
A12: 45919 | B12: Ganesh Chaturthi | D12: Oct | E12: 2034
A13: 45928 | B13: Eid Milad | D13: Nov | E13: 2035
A14: 45932 | B14: Gandhi Jayanti | D14: Dec | E14: 2036
A15: 45953 | B15: Ayudha Pooja | D15: Yearly | E15: 2036
A16: 45954 | B16: Vijay Dashmi
A17: 45974 | B17: Diwali
A18: 45988 | B18: Guru Nanak Jayanti
A19: 46016 | B19: Christmas

Sheet Jan
B2: Summary
G3: Daily Sales Report | T3: Consolidated
C4: Month | D4: Jan | G4: Sr No. | H4: Date | I4: Day | J4: Holidays | K4: Dine in Sales | L4: Dine in Tkts. | M4: APC/APT(Avg. /Transaction) | N4: TA Sales | O4: TA Tkts. | P4: APC/APT(Avg. /Transaction) | Q4: Delivery Sales | R4: Delivery Tkts. | S4: APC/APT(Avg. /Transaction) | T4: Target Sales | U4: Total Sales | V4: Total Tkts. | W4: APC/APT | X4: Target vs Acheived | Y4: %
G5: 1 | H5: =D8 -> 45658 | I5: =TEXT(H5,"DDD") -> Wed | J5: =IFERROR(VLOOKUP(H5,Sheet1!$A:$B,2,0),"") -> New Year | P5: =IFERROR(IF(N5=0,"",N5/O5),"") | S5: =IFERROR(IF(Q5=0,"",Q5/R5),"") | U5: =K5+N5+Q5 -> 0 | V5: =L5+O5+R5 -> 0 | W5: =IFERROR(U5/V5,"0") -> 0 | X5: =U5-T5 -> 0 | Y5: =IFERROR(U5/T5,"0") -> 0
C6: Year | D6: 2025 | G6: 2 | H6: =IF(H5<$D$10,H5+1,"") -> 45659 | I6: =TEXT(H6,"DDD") -> Thu | J6: =IFERROR(VLOOKUP(H6,Sheet1!$A:$B,2,0),"") | M6: =IFERROR(IF(K6=0,"",K6/L6),"") | P6: =IFERROR(IF(N6=0,"",N6/O6),"") | S6: =IFERROR(IF(Q6=0,"",Q6/R6),"") | U6: =K6+N6+Q6 -> 0 | V6: =L6+O6+R6 -> 0 | W6: =IFERROR(U6/V6,"0") -> 0 | X6: =U6-T6 -> 0 | Y6: =IFERROR(U6/T6,"0") -> 0
G7: 3 | H7: =IF(H6<$D$10,H6+1,"") -> 45660 | I7: =TEXT(H7,"DDD") -> Fri | J7: =IFERROR(VLOOKUP(H7,Sheet1!$A:$B,2,0),"") | M7: =IFERROR(IF(K7=0,"",K7/L7),"") | P7: =IFERROR(IF(N7=0,"",N7/O7),"") | S7: =IFERROR(IF(Q7=0,"",Q7/R7),"") | U7: =K7+N7+Q7 -> 0 | V7: =L7+O7+R7 -> 0 | W7: =IFERROR(U7/V7,"0") -> 0 | X7: =U7-T7 -> 0 | Y7: =IFERROR(U7/T7,"0") -> 0
C8: Start Date | D8: =DATEVALUE("01"&D4&D6) -> 45658 | G8: 4 | H8: =IF(H7<$D$10,H7+1,"") -> 45661 | I8: =TEXT(H8,"DDD") -> Sat | J8: =IFERROR(VLOOKUP(H8,Sheet1!$A:$B,2,0),"") | M8: =IFERROR(IF(K8=0,"",K8/L8),"") | P8: =IFERROR(IF(N8=0,"",N8/O8),"") | S8: =IFERROR(IF(Q8=0,"",Q8/R8),"") | U8: =K8+N8+Q8 -> 0 | V8: =L8+O8+R8 -> 0 | W8: =IFERROR(U8/V8,"0") -> 0 | X8: =U8-T8 -> 0 | Y8: =IFERROR(U8/T8,"0") -> 0
G9: 5 | H9: =IF(H8<$D$10,H8+1,"") -> 45662 | I9: =TEXT(H9,"DDD") -> Sun | J9: =IFERROR(VLOOKUP(H9,Sheet1!$A:$B,2,0),"") | M9: =IFERROR(IF(K9=0,"",K9/L9),"") | P9: =IFERROR(IF(N9=0,"",N9/O9),"") | S9: =IFERROR(IF(Q9=0,"",Q9/R9),"") | U9: =K9+N9+Q9 -> 0 | V9: =L9+O9+R9 -> 0 | W9: =IFERROR(U9/V9,"0") -> 0 | X9: =U9-T9 -> 0 | Y9: =IFERROR(U9/T9,"0") -> 0
C10: End Date | D10: =EOMONTH(D8,0) -> 45688 | G10: 6 | H10: =IF(H9<$D$10,H9+1,"") -> 45663 | I10: =TEXT(H10,"DDD") -> Mon | J10: =IFERROR(VLOOKUP(H10,Sheet1!$A:$B,2,0),"") | M10: =IFERROR(IF(K10=0,"",K10/L10),"") | P10: =IFERROR(IF(N10=0,"",N10/O10),"") | S10: =IFERROR(IF(Q10=0,"",Q10/R10),"") | U10: =K10+N10+Q10 -> 0 | V10: =L10+O10+R10 -> 0 | W10: =IFERROR(U10/V10,"0") -> 0 | X10: =U10-T10 -> 0 | Y10: =IFERROR(U10/T10,"0") -> 0
G11: 7 | H11: =IF(H10<$D$10,H10+1,"") -> 45664 | I11: =TEXT(H11,"DDD") -> Tue | J11: =IFERROR(VLOOKUP(H11,Sheet1!$A:$B,2,0),"") | M11: =IFERROR(IF(K11=0,"",K11/L11),"") | P11: =IFERROR(IF(N11=0,"",N11/O11),"") | S11: =IFERROR(IF(Q11=0,"",Q11/R11),"") | U11: =K11+N11+Q11 -> 0 | V11: =L11+O11+R11 -> 0 | W11: =IFERROR(U11/V11,"0") -> 0 | X11: =U11-T11 -> 0 | Y11: =IFERROR(U11/T11,"0") -> 0
C12: Total Days | D12: =COUNT(H5:H35) -> 31 | G12: 8 | H12: =IF(H11<$D$10,H11+1,"") -> 45665 | I12: =TEXT(H12,"DDD") -> Wed | J12: =IFERROR(VLOOKUP(H12,Sheet1!$A:$B,2,0),"") | M12: =IFERROR(IF(K12=0,"",K12/L12),"") | P12: =IFERROR(IF(N12=0,"",N12/O12),"") | S12: =IFERROR(IF(Q12=0,"",Q12/R12),"") | U12: =K12+N12+Q12 -> 0 | V12: =L12+O12+R12 -> 0 | W12: =IFERROR(U12/V12,"0") -> 0 | X12: =U12-T12 -> 0 | Y12: =IFERROR(U12/T12,"0") -> 0
G13: 9 | H13: =IF(H12<$D$10,H12+1,"") -> 45666 | I13: =TEXT(H13,"DDD") -> Thu | J13: =IFERROR(VLOOKUP(H13,Sheet1!$A:$B,2,0),"") | M13: =IFERROR(IF(K13=0,"",K13/L13),"") | P13: =IFERROR(IF(N13=0,"",N13/O13),"") | S13: =IFERROR(IF(Q13=0,"",Q13/R13),"") | U13: =K13+N13+Q13 -> 0 | V13: =L13+O13+R13 -> 0 | W13: =IFERROR(U13/V13,"0") -> 0 | X13: =U13-T13 -> 0 | Y13: =IFERROR(U13/T13,"0") -> 0
C14: Total Sat | D14: =COUNTIF(I5:I35,"Sat") -> 4 | G14: 10 | H14: =IF(H13<$D$10,H13+1,"") -> 45667 | I14: =TEXT(H14,"DDD") -> Fri | J14: =IFERROR(VLOOKUP(H14,Sheet1!$A:$B,2,0),"") | M14: =IFERROR(IF(K14=0,"",K14/L14),"") | P14: =IFERROR(IF(N14=0,"",N14/O14),"") | S14: =IFERROR(IF(Q14=0,"",Q14/R14),"") | U14: =K14+N14+Q14 -> 0 | V14: =L14+O14+R14 -> 0 | W14: =IFERROR(U14/V14,"0") -> 0 | X14: =U14-T14 -> 0 | Y14: =IFERROR(U14/T14,"0") -> 0
C15: Total Sun | D15: =COUNTIF(I5:I35,"Sun") -> 4 | G15: 11 | H15: =IF(H14<$D$10,H14+1,"") -> 45668 | I15: =TEXT(H15,"DDD") -> Sat | J15: =IFERROR(VLOOKUP(H15,Sheet1!$A:$B,2,0),"") | M15: =IFERROR(IF(K15=0,"",K15/L15),"") | P15: =IFERROR(IF(N15=0,"",N15/O15),"") | S15: =IFERROR(IF(Q15=0,"",Q15/R15),"") | U15: =K15+N15+Q15 -> 0 | V15: =L15+O15+R15 -> 0 | W15: =IFERROR(U15/V15,"0") -> 0 | X15: =U15-T15 -> 0 | Y15: =IFERROR(U15/T15,"0") -> 0
G16: 12 | H16: =IF(H15<$D$10,H15+1,"") -> 45669 | I16: =TEXT(H16,"DDD") -> Sun | J16: =IFERROR(VLOOKUP(H16,Sheet1!$A:$B,2,0),"") | M16: =IFERROR(IF(K16=0,"",K16/L16),"") | P16: =IFERROR(IF(N16=0,"",N16/O16),"") | S16: =IFERROR(IF(Q16=0,"",Q16/R16),"") | U16: =K16+N16+Q16 -> 0 | V16: =L16+O16+R16 -> 0 | W16: =IFERROR(U16/V16,"0") -> 0 | X16: =U16-T16 -> 0 | Y16: =IFERROR(U16/T16,"0") -> 0
C17: Highest Sale for the month | D17: =MAX(U5:U35) -> 0 | G17: 13 | H17: =IF(H16<$D$10,H16+1,"") -> 45670 | I17: =TEXT(H17,"DDD") -> Mon | J17: =IFERROR(VLOOKUP(H17,Sheet1!$A:$B,2,0),"") | M17: =IFERROR(IF(K17=0,"",K17/L17),"") | P17: =IFERROR(IF(N17=0,"",N17/O17),"") | S17: =IFERROR(IF(Q17=0,"",Q17/R17),"") | U17: =K17+N17+Q17 -> 0 | V17: =L17+O17+R17 -> 0 | W17: =IFERROR(U17/V17,"0") -> 0 | X17: =U17-T17 -> 0 | Y17: =IFERROR(U17/T17,"0") -> 0
G18: 14 | H18: =IF(H17<$D$10,H17+1,"") -> 45671 | I18: =TEXT(H18,"DDD") -> Tue | J18: =IFERROR(VLOOKUP(H18,Sheet1!$A:$B,2,0),"") | M18: =IFERROR(IF(K18=0,"",K18/L18),"") | P18: =IFERROR(IF(N18=0,"",N18/O18),"") | S18: =IFERROR(IF(Q18=0,"",Q18/R18),"") | U18: =K18+N18+Q18 -> 0 | V18: =L18+O18+R18 -> 0 | W18: =IFERROR(U18/V18,"0") -> 0 | X18: =U18-T18 -> 0 | Y18: =IFERROR(U18/T18,"0") -> 0
G19: 15 | H19: =IF(H18<$D$10,H18+1,"") -> 45672 | I19: =TEXT(H19,"DDD") -> Wed | J19: =IFERROR(VLOOKUP(H19,Sheet1!$A:$B,2,0),"") | M19: =IFERROR(IF(K19=0,"",K19/L19),"") | P19: =IFERROR(IF(N19=0,"",N19/O19),"") | S19: =IFERROR(IF(Q19=0,"",Q19/R19),"") | U19: =K19+N19+Q19 -> 0 | V19: =L19+O19+R19 -> 0 | W19: =IFERROR(U19/V19,"0") -> 0 | X19: =U19-T19 -> 0 | Y19: =IFERROR(U19/T19,"0") -> 0
C20: Lowest Sale for the month | D20: =MIN(U8:U38) -> 0 | G20: 16 | H20: =IF(H19<$D$10,H19+1,"") -> 45673 | I20: =TEXT(H20,"DDD") -> Thu | J20: =IFERROR(VLOOKUP(H20,Sheet1!$A:$B,2,0),"") | M20: =IFERROR(IF(K20=0,"",K20/L20),"") | P20: =IFERROR(IF(N20=0,"",N20/O20),"") | S20: =IFERROR(IF(Q20=0,"",Q20/R20),"") | U20: =K20+N20+Q20 -> 0 | V20: =L20+O20+R20 -> 0 | W20: =IFERROR(U20/V20,"0") -> 0 | X20: =U20-T20 -> 0 | Y20: =IFERROR(U20/T20,"0") -> 0
G21: 17 | H21: =IF(H20<$D$10,H20+1,"") -> 45674 | I21: =TEXT(H21,"DDD") -> Fri | J21: =IFERROR(VLOOKUP(H21,Sheet1!$A:$B,2,0),"") | M21: =IFERROR(IF(K21=0,"",K21/L21),"") | P21: =IFERROR(IF(N21=0,"",N21/O21),"") | S21: =IFERROR(IF(Q21=0,"",Q21/R21),"") | U21: =K21+N21+Q21 -> 0 | V21: =L21+O21+R21 -> 0 | W21: =IFERROR(U21/V21,"0") -> 0 | X21: =U21-T21 -> 0 | Y21: =IFERROR(U21/T21,"0") -> 0
G22: 18 | H22: =IF(H21<$D$10,H21+1,"") -> 45675 | I22: =TEXT(H22,"DDD") -> Sat | J22: =IFERROR(VLOOKUP(H22,Sheet1!$A:$B,2,0),"") | M22: =IFERROR(IF(K22=0,"",K22/L22),"") | P22: =IFERROR(IF(N22=0,"",N22/O22),"") | S22: =IFERROR(IF(Q22=0,"",Q22/R22),"") | U22: =K22+N22+Q22 -> 0 | V22: =L22+O22+R22 -> 0 | W22: =IFERROR(U22/V22,"0") -> 0 | X22: =U22-T22 -> 0 | Y22: =IFERROR(U22/T22,"0") -> 0
C23: Target Achieved | D23: =IF(U36>T36,"Yes","No") -> No | G23: 19 | H23: =IF(H22<$D$10,H22+1,"") -> 45676 | I23: =TEXT(H23,"DDD") -> Sun | J23: =IFERROR(VLOOKUP(H23,Sheet1!$A:$B,2,0),"") | M23: =IFERROR(IF(K23=0,"",K23/L23),"") | P23: =IFERROR(IF(N23=0,"",N23/O23),"") | S23: =IFERROR(IF(Q23=0,"",Q23/R23),"") | U23: =K23+N23+Q23 -> 0 | V23: =L23+O23+R23 -> 0 | W23: =IFERROR(U23/V23,"0") -> 0 | X23: =U23-T23 -> 0 | Y23: =IFERROR(U23/T23,"0") -> 0
G24: 20 | H24: =IF(H23<$D$10,H23+1,"") -> 45677 | I24: =TEXT(H24,"DDD") -> Mon | J24: =IFERROR(VLOOKUP(H24,Sheet1!$A:$B,2,0),"") | M24: =IFERROR(IF(K24=0,"",K24/L24),"") | P24: =IFERROR(IF(N24=0,"",N24/O24),"") | S24: =IFERROR(IF(Q24=0,"",Q24/R24),"") | U24: =K24+N24+Q24 -> 0 | V24: =L24+O24+R24 -> 0 | W24: =IFERROR(U24/V24,"0") -> 0 | X24: =U24-T24 -> 0 | Y24: =IFERROR(U24/T24,"0") -> 0
C25: Sales Till Date | D25: =U36 -> 0 | G25: 21 | H25: =IF(H24<$D$10,H24+1,"") -> 45678 | I25: =TEXT(H25,"DDD") -> Tue | J25: =IFERROR(VLOOKUP(H25,Sheet1!$A:$B,2,0),"") | M25: =IFERROR(IF(K25=0,"",K25/L25),"") | P25: =IFERROR(IF(N25=0,"",N25/O25),"") | S25: =IFERROR(IF(Q25=0,"",Q25/R25),"") | U25: =K25+N25+Q25 -> 0 | V25: =L25+O25+R25 -> 0 | W25: =IFERROR(U25/V25,"0") -> 0 | X25: =U25-T25 -> 0 | Y25: =IFERROR(U25/T25,"0") -> 0
G26: 22 | H26: =IF(H25<$D$10,H25+1,"") -> 45679 | I26: =TEXT(H26,"DDD") -> Wed | J26: =IFERROR(VLOOKUP(H26,Sheet1!$A:$B,2,0),"") | M26: =IFERROR(IF(K26=0,"",K26/L26),"") | P26: =IFERROR(IF(N26=0,"",N26/O26),"") | S26: =IFERROR(IF(Q26=0,"",Q26/R26),"") | U26: =K26+N26+Q26 -> 0 | V26: =L26+O26+R26 -> 0 | W26: =IFERROR(U26/V26,"0") -> 0 | X26: =U26-T26 -> 0 | Y26: =IFERROR(U26/T26,"0") -> 0
C27: Average Sales | D27: =IFERROR(AVERAGE(U5:U35),"0") -> 0 | G27: 23 | H27: =IF(H26<$D$10,H26+1,"") -> 45680 | I27: =TEXT(H27,"DDD") -> Thu | J27: =IFERROR(VLOOKUP(H27,Sheet1!$A:$B,2,0),"") | M27: =IFERROR(IF(K27=0,"",K27/L27),"") | P27: =IFERROR(IF(N27=0,"",N27/O27),"") | S27: =IFERROR(IF(Q27=0,"",Q27/R27),"") | U27: =K27+N27+Q27 -> 0 | V27: =L27+O27+R27 -> 0 | W27: =IFERROR(U27/V27,"0") -> 0 | X27: =U27-T27 -> 0 | Y27: =IFERROR(U27/T27,"0") -> 0
C28: Dine in Sales | D28: =K36 -> 0 | G28: 24 | H28: =IF(H27<$D$10,H27+1,"") -> 45681 | I28: =TEXT(H28,"DDD") -> Fri | J28: =IFERROR(VLOOKUP(H28,Sheet1!$A:$B,2,0),"") | M28: =IFERROR(IF(K28=0,"",K28/L28),"") | P28: =IFERROR(IF(N28=0,"",N28/O28),"") | S28: =IFERROR(IF(Q28=0,"",Q28/R28),"") | U28: =K28+N28+Q28 -> 0 | V28: =L28+O28+R28 -> 0 | W28: =IFERROR(U28/V28,"0") -> 0 | X28: =U28-T28 -> 0 | Y28: =IFERROR(U28/T28,"0") -> 0
C29: Takeaway Sales | D29: =N36 -> 0 | G29: 25 | H29: =IF(H28<$D$10,H28+1,"") -> 45682 | I29: =TEXT(H29,"DDD") -> Sat | J29: =IFERROR(VLOOKUP(H29,Sheet1!$A:$B,2,0),"") | M29: =IFERROR(IF(K29=0,"",K29/L29),"") | P29: =IFERROR(IF(N29=0,"",N29/O29),"") | S29: =IFERROR(IF(Q29=0,"",Q29/R29),"") | U29: =K29+N29+Q29 -> 0 | V29: =L29+O29+R29 -> 0 | W29: =IFERROR(U29/V29,"0") -> 0 | X29: =U29-T29 -> 0 | Y29: =IFERROR(U29/T29,"0") -> 0
C30: Delivery Sales | D30: =Q36 -> 0 | G30: 26 | H30: =IF(H29<$D$10,H29+1,"") -> 45683 | I30: =TEXT(H30,"DDD") -> Sun | J30: =IFERROR(VLOOKUP(H30,Sheet1!$A:$B,2,0),"") -> Republic Day | M30: =IFERROR(IF(K30=0,"",K30/L30),"") | P30: =IFERROR(IF(N30=0,"",N30/O30),"") | S30: =IFERROR(IF(Q30=0,"",Q30/R30),"") | U30: =K30+N30+Q30 -> 0 | V30: =L30+O30+R30 -> 0 | W30: =IFERROR(U30/V30,"0") -> 0 | X30: =U30-T30 -> 0 | Y30: =IFERROR(U30/T30,"0") -> 0
G31: 27 | H31: =IF(H30<$D$10,H30+1,"") -> 45684 | I31: =TEXT(H31,"DDD") -> Mon | J31: =IFERROR(VLOOKUP(H31,Sheet1!$A:$B,2,0),"") | M31: =IFERROR(IF(K31=0,"",K31/L31),"") | P31: =IFERROR(IF(N31=0,"",N31/O31),"") | S31: =IFERROR(IF(Q31=0,"",Q31/R31),"") | U31: =K31+N31+Q31 -> 0 | V31: =L31+O31+R31 -> 0 | W31: =IFERROR(U31/V31,"0") -> 0 | X31: =U31-T31 -> 0 | Y31: =IFERROR(U31/T31,"0") -> 0
C32: Total Sales | D32: =SUM(D28:D30) -> 0 | G32: 28 | H32: =IF(H31<$D$10,H31+1,"") -> 45685 | I32: =TEXT(H32,"DDD") -> Tue | J32: =IFERROR(VLOOKUP(H32,Sheet1!$A:$B,2,0),"") | M32: =IFERROR(IF(K32=0,"",K32/L32),"") | P32: =IFERROR(IF(N32=0,"",N32/O32),"") | S32: =IFERROR(IF(Q32=0,"",Q32/R32),"") | U32: =K32+N32+Q32 -> 0 | V32: =L32+O32+R32 -> 0 | W32: =IFERROR(U32/V32,"0") -> 0 | X32: =U32-T32 -> 0 | Y32: =IFERROR(U32/T32,"0") -> 0
C33: Last year sales | D33: 5000 | G33: 29 | H33: =IF(H32<$D$10,H32+1,"") -> 45686 | I33: =TEXT(H33,"DDD") -> Wed | J33: =IFERROR(VLOOKUP(H33,Sheet1!$A:$B,2,0),"") | M33: =IFERROR(IF(K33=0,"",K33/L33),"") | P33: =IFERROR(IF(N33=0,"",N33/O33),"") | S33: =IFERROR(IF(Q33=0,"",Q33/R33),"") | U33: =K33+N33+Q33 -> 0 | V33: =L33+O33+R33 -> 0 | W33: =IFERROR(U33/V33,"0") -> 0 | X33: =U33-T33 -> 0 | Y33: =IFERROR(U33/T33,"0") -> 0
C34: Growth | D34: =D32-D33 -> -5000 | G34: 30 | H34: =IF(H33<$D$10,H33+1,"") -> 45687 | I34: =TEXT(H34,"DDD") -> Thu | J34: =IFERROR(VLOOKUP(H34,Sheet1!$A:$B,2,0),"") | M34: =IFERROR(IF(K34=0,"",K34/L34),"") | P34: =IFERROR(IF(N34=0,"",N34/O34),"") | S34: =IFERROR(IF(Q34=0,"",Q34/R34),"") | U34: =K34+N34+Q34 -> 0 | V34: =L34+O34+R34 -> 0 | W34: =IFERROR(U34/V34,"0") -> 0 | X34: =U34-T34 -> 0 | Y34: =IFERROR(U34/T34,"0") -> 0
C35: Growth % | D35: =IFERROR((D32-D33)/D33,"0") -> -1 | G35: 31 | H35: =IF(H34<$D$10,H34+1,"") -> 45688 | I35: =TEXT(H35,"DDD") -> Fri | J35: =IFERROR(VLOOKUP(H35,Sheet1!$A:$B,2,0),"") | M35: =IFERROR(IF(K35=0,"",K35/L35),"") | P35: =IFERROR(IF(N35=0,"",N35/O35),"") | S35: =IFERROR(IF(Q35=0,"",Q35/R35),"") | U35: =K35+N35+Q35 -> 0 | V35: =L35+O35+R35 -> 0 | W35: =IFERROR(U35/V35,"0") -> 0 | X35: =U35-T35 -> 0 | Y35: =IFERROR(U35/T35,"0") -> 0
G36: Total | K36: =SUM(K5:K35) -> 0 | L36: =SUM(L5:L35) -> 0 | M36: =IFERROR(K36/L36,"0") -> 0 | N36: =SUM(N5:N35) -> 0 | O36: =SUM(O5:O35) -> 0 | P36: =IFERROR(N36/O36,"0") -> 0 | Q36: =SUM(Q5:Q35) -> 0 | R36: =SUM(R5:R35) -> 0 | S36: =IFERROR(Q36/R36,"0") -> 0 | T36: =SUM(T5:T35) -> 0 | U36: =SUM(U5:U35) -> 0 | V36: =SUM(V5:V35) -> 0 | W36: =IFERROR(U36/V36,"0") -> 0 | X36: =SUM(X5:X35) -> 0 | Y36: =SUM(Y5:Y35) -> 0

Sheet Feb
B2: Summary
G3: Daily Sales Report | T3: Consolidated
C4: Month | D4: Feb | G4: Sr No. | H4: Date | I4: Day | J4: Holidays | K4: Dine in Sales | L4: Dine in Tkts. | M4: APC/APT(Avg. /Transaction) | N4: TA Sales | O4: TA Tkts. | P4: APC/APT(Avg. /Transaction) | Q4: Delivery Sales | R4: Delivery Tkts. | S4: APC/APT(Avg. /Transaction) | T4: Target Sales | U4: Total Sales | V4: Total Tkts. | W4: APC/APT | X4: Target vs Acheived | Y4: %
G5: 1 | H5: =D8 -> 45689 | I5: =TEXT(H5,"DDD") -> Sat | J5: =IFERROR(VLOOKUP(H5,Sheet1!$A:$B,2,0),"") | M5: =IFERROR(IF(K5=0,"",K5/L5),"") | P5: =IFERROR(IF(N5=0,"",N5/O5),"") | S5: =IFERROR(IF(Q5=0,"",Q5/R5),"") | U5: =K5+N5+Q5 -> 0 | V5: =L5+O5+R5 -> 0 | W5: =IFERROR(U5/V5,"0") -> 0 | X5: =U5-T5 -> 0 | Y5: =IFERROR(U5/T5,"0") -> 0
C6: Year | D6: 2025 | G6: 2 | H6: =IF(H5<$D$10,H5+1,"") -> 45690 | I6: =TEXT(H6,"DDD") -> Sun | J6: =IFERROR(VLOOKUP(H6,Sheet1!$A:$B,2,0),"") | M6: =IFERROR(IF(K6=0,"",K6/L6),"") | P6: =IFERROR(IF(N6=0,"",N6/O6),"") | S6: =IFERROR(IF(Q6=0,"",Q6/R6),"") | U6: =K6+N6+Q6 -> 0 | V6: =L6+O6+R6 -> 0 | W6: =IFERROR(U6/V6,"0") -> 0 | X6: =U6-T6 -> 0 | Y6: =IFERROR(U6/T6,"0") -> 0
G7: 3 | H7: =IF(H6<$D$10,H6+1,"") -> 45691 | I7: =TEXT(H7,"DDD") -> Mon | J7: =IFERROR(VLOOKUP(H7,Sheet1!$A:$B,2,0),"") | M7: =IFERROR(IF(K7=0,"",K7/L7),"") | P7: =IFERROR(IF(N7=0,"",N7/O7),"") | S7: =IFERROR(IF(Q7=0,"",Q7/R7),"") | U7: =K7+N7+Q7 -> 0 | V7: =L7+O7+R7 -> 0 | W7: =IFERROR(U7/V7,"0") -> 0 | X7: =U7-T7 -> 0 | Y7: =IFERROR(U7/T7,"0") -> 0
C8: Start Date | D8: =DATEVALUE("01"&D4&D6) -> 45689 | G8: 4 | H8: =IF(H7<$D$10,H7+1,"") -> 45692 | I8: =TEXT(H8,"DDD") -> Tue | J8: =IFERROR(VLOOKUP(H8,Sheet1!$A:$B,2,0),"") | M8: =IFERROR(IF(K8=0,"",K8/L8),"") | P8: =IFERROR(IF(N8=0,"",N8/O8),"") | S8: =IFERROR(IF(Q8=0,"",Q8/R8),"") | U8: =K8+N8+Q8 -> 0 | V8: =L8+O8+R8 -> 0 | W8: =IFERROR(U8/V8,"0") -> 0 | X8: =U8-T8 -> 0 | Y8: =IFERROR(U8/T8,"0") -> 0
G9: 5 | H9: =IF(H8<$D$10,H8+1,"") -> 45693 | I9: =TEXT(H9,"DDD") -> Wed | J9: =IFERROR(VLOOKUP(H9,Sheet1!$A:$B,2,0),"") | M9: =IFERROR(IF(K9=0,"",K9/L9),"") | P9: =IFERROR(IF(N9=0,"",N9/O9),"") | S9: =IFERROR(IF(Q9=0,"",Q9/R9),"") | U9: =K9+N9+Q9 -> 0 | V9: =L9+O9+R9 -> 0 | W9: =IFERROR(U9/V9,"0") -> 0 | X9: =U9-T9 -> 0 | Y9: =IFERROR(U9/T9,"0") -> 0
C10: End Date | D10: =EOMONTH(D8,0) -> 45716 | G10: 6 | H10: =IF(H9<$D$10,H9+1,"") -> 45694 | I10: =TEXT(H10,"DDD") -> Thu | J10: =IFERROR(VLOOKUP(H10,Sheet1!$A:$B,2,0),"") | M10: =IFERROR(IF(K10=0,"",K10/L10),"") | P10: =IFERROR(IF(N10=0,"",N10/O10),"") | S10: =IFERROR(IF(Q10=0,"",Q10/R10),"") | U10: =K10+N10+Q10 -> 0 | V10: =L10+O10+R10 -> 0 | W10: =IFERROR(U10/V10,"0") -> 0 | X10: =U10-T10 -> 0 | Y10: =IFERROR(U10/T10,"0") -> 0
G11: 7 | H11: =IF(H10<$D$10,H10+1,"") -> 45695 | I11: =TEXT(H11,"DDD") -> Fri | J11: =IFERROR(VLOOKUP(H11,Sheet1!$A:$B,2,0),"") | M11: =IFERROR(IF(K11=0,"",K11/L11),"") | P11: =IFERROR(IF(N11=0,"",N11/O11),"") | S11: =IFERROR(IF(Q11=0,"",Q11/R11),"") | U11: =K11+N11+Q11 -> 0 | V11: =L11+O11+R11 -> 0 | W11: =IFERROR(U11/V11,"0") -> 0 | X11: =U11-T11 -> 0 | Y11: =IFERROR(U11/T11,"0") -> 0
C12: Total Days | D12: =COUNT(H5:H35) -> 28 | G12: 8 | H12: =IF(H11<$D$10,H11+1,"") -> 45696 | I12: =TEXT(H12,"DDD") -> Sat | J12: =IFERROR(VLOOKUP(H12,Sheet1!$A:$B,2,0),"") | M12: =IFERROR(IF(K12=0,"",K12/L12),"") | P12: =IFERROR(IF(N12=0,"",N12/O12),"") | S12: =IFERROR(IF(Q12=0,"",Q12/R12),"") | U12: =K12+N12+Q12 -> 0 | V12: =L12+O12+R12 -> 0 | W12: =IFERROR(U12/V12,"0") -> 0 | X12: =U12-T12 -> 0 | Y12: =IFERROR(U12/T12,"0") -> 0
G13: 9 | H13: =IF(H12<$D$10,H12+1,"") -> 45697 | I13: =TEXT(H13,"DDD") -> Sun | J13: =IFERROR(VLOOKUP(H13,Sheet1!$A:$B,2,0),"") | M13: =IFERROR(IF(K13=0,"",K13/L13),"") | P13: =IFERROR(IF(N13=0,"",N13/O13),"") | S13: =IFERROR(IF(Q13=0,"",Q13/R13),"") | U13: =K13+N13+Q13 -> 0 | V13: =L13+O13+R13 -> 0 | W13: =IFERROR(U13/V13,"0") -> 0 | X13: =U13-T13 -> 0 | Y13: =IFERROR(U13/T13,"0") -> 0
C14: Total Sat | D14: =COUNTIF(I5:I35,"Sat") -> 4 | G14: 10 | H14: =IF(H13<$D$10,H13+1,"") -> 45698 | I14: =TEXT(H14,"DDD") -> Mon | J14: =IFERROR(VLOOKUP(H14,Sheet1!$A:$B,2,0),"") | M14: =IFERROR(IF(K14=0,"",K14/L14),"") | P14: =IFERROR(IF(N14=0,"",N14/O14),"") | S14: =IFERROR(IF(Q14=0,"",Q14/R14),"") | U14: =K14+N14+Q14 -> 0 | V14: =L14+O14+R14 -> 0 | W14: =IFERROR(U14/V14,"0") -> 0 | X14: =U14-T14 -> 0 | Y14: =IFERROR(U14/T14,"0") -> 0
C15: Total Sun | D15: =COUNTIF(I5:I35,"Sun") -> 4 | G15: 11 | H15: =IF(H14<$D$10,H14+1,"") -> 45699 | I15: =TEXT(H15,"DDD") -> Tue | J15: =IFERROR(VLOOKUP(H15,Sheet1!$A:$B,2,0),"") | M15: =IFERROR(IF(K15=0,"",K15/L15),"") | P15: =IFERROR(IF(N15=0,"",N15/O15),"") | S15: =IFERROR(IF(Q15=0,"",Q15/R15),"") | U15: =K15+N15+Q15 -> 0 | V15: =L15+O15+R15 -> 0 | W15: =IFERROR(U15/V15,"0") -> 0 | X15: =U15-T15 -> 0 | Y15: =IFERROR(U15/T15,"0") -> 0
G16: 12 | H16: =IF(H15<$D$10,H15+1,"") -> 45700 | I16: =TEXT(H16,"DDD") -> Wed | J16: =IFERROR(VLOOKUP(H16,Sheet1!$A:$B,2,0),"") | M16: =IFERROR(IF(K16=0,"",K16/L16),"") | P16: =IFERROR(IF(N16=0,"",N16/O16),"") | S16: =IFERROR(IF(Q16=0,"",Q16/R16),"") | U16: =K16+N16+Q16 -> 0 | V16: =L16+O16+R16 -> 0 | W16: =IFERROR(U16/V16,"0") -> 0 | X16: =U16-T16 -> 0 | Y16: =IFERROR(U16/T16,"0") -> 0
C17: Highest Sale for the month | D17: =MAX(U5:U35) -> 0 | G17: 13 | H17: =IF(H16<$D$10,H16+1,"") -> 45701 | I17: =TEXT(H17,"DDD") -> Thu | J17: =IFERROR(VLOOKUP(H17,Sheet1!$A:$B,2,0),"") | M17: =IFERROR(IF(K17=0,"",K17/L17),"") | P17: =IFERROR(IF(N17=0,"",N17/O17),"") | S17: =IFERROR(IF(Q17=0,"",Q17/R17),"") | U17: =K17+N17+Q17 -> 0 | V17: =L17+O17+R17 -> 0 | W17: =IFERROR(U17/V17,"0") -> 0 | X17: =U17-T17 -> 0 | Y17: =IFERROR(U17/T17,"0") -> 0
G18: 14 | H18: =IF(H17<$D$10,H17+1,"") -> 45702 | I18: =TEXT(H18,"DDD") -> Fri | J18: =IFERROR(VLOOKUP(H18,Sheet1!$A:$B,2,0),"") | M18: =IFERROR(IF(K18=0,"",K18/L18),"") | P18: =IFERROR(IF(N18=0,"",N18/O18),"") | S18: =IFERROR(IF(Q18=0,"",Q18/R18),"") | U18: =K18+N18+Q18 -> 0 | V18: =L18+O18+R18 -> 0 | W18: =IFERROR(U18/V18,"0") -> 0 | X18: =U18-T18 -> 0 | Y18: =IFERROR(U18/T18,"0") -> 0
G19: 15 | H19: =IF(H18<$D$10,H18+1,"") -> 45703 | I19: =TEXT(H19,"DDD") -> Sat | J19: =IFERROR(VLOOKUP(H19,Sheet1!$A:$B,2,0),"") | M19: =IFERROR(IF(K19=0,"",K19/L19),"") | P19: =IFERROR(IF(N19=0,"",N19/O19),"") | S19: =IFERROR(IF(Q19=0,"",Q19/R19),"") | U19: =K19+N19+Q19 -> 0 | V19: =L19+O19+R19 -> 0 | W19: =IFERROR(U19/V19,"0") -> 0 | X19: =U19-T19 -> 0 | Y19: =IFERROR(U19/T19,"0") -> 0
C20: Lowest Sale for the month | D20: =MIN(U8:U38) -> 0 | G20: 16 | H20: =IF(H19<$D$10,H19+1,"") -> 45704 | I20: =TEXT(H20,"DDD") -> Sun | J20: =IFERROR(VLOOKUP(H20,Sheet1!$A:$B,2,0),"") | M20: =IFERROR(IF(K20=0,"",K20/L20),"") | P20: =IFERROR(IF(N20=0,"",N20/O20),"") | S20: =IFERROR(IF(Q20=0,"",Q20/R20),"") | U20: =K20+N20+Q20 -> 0 | V20: =L20+O20+R20 -> 0 | W20: =IFERROR(U20/V20,"0") -> 0 | X20: =U20-T20 -> 0 | Y20: =IFERROR(U20/T20,"0") -> 0
G21: 17 | H21: =IF(H20<$D$10,H20+1,"") -> 45705 | I21: =TEXT(H21,"DDD") -> Mon | J21: =IFERROR(VLOOKUP(H21,Sheet1!$A:$B,2,0),"") | M21: =IFERROR(IF(K21=0,"",K21/L21),"") | P21: =IFERROR(IF(N21=0,"",N21/O21),"") | S21: =IFERROR(IF(Q21=0,"",Q21/R21),"") | U21: =K21+N21+Q21 -> 0 | V21: =L21+O21+R21 -> 0 | W21: =IFERROR(U21/V21,"0") -> 0 | X21: =U21-T21 -> 0 | Y21: =IFERROR(U21/T21,"0") -> 0
G22: 18 | H22: =IF(H21<$D$10,H21+1,"") -> 45706 | I22: =TEXT(H22,"DDD") -> Tue | J22: =IFERROR(VLOOKUP(H22,Sheet1!$A:$B,2,0),"") | M22: =IFERROR(IF(K22=0,"",K22/L22),"") | P22: =IFERROR(IF(N22=0,"",N22/O22),"") | S22: =IFERROR(IF(Q22=0,"",Q22/R22),"") | U22: =K22+N22+Q22 -> 0 | V22: =L22+O22+R22 -> 0 | W22: =IFERROR(U22/V22,"0") -> 0 | X22: =U22-T22 -> 0 | Y22: =IFERROR(U22/T22,"0") -> 0
C23: Target Achieved | D23: =IF(U36>T36,"Yes","No") -> No | G23: 19 | H23: =IF(H22<$D$10,H22+1,"") -> 45707 | I23: =TEXT(H23,"DDD") -> Wed | J23: =IFERROR(VLOOKUP(H23,Sheet1!$A:$B,2,0),"") | M23: =IFERROR(IF(K23=0,"",K23/L23),"") | P23: =IFERROR(IF(N23=0,"",N23/O23),"") | S23: =IFERROR(IF(Q23=0,"",Q23/R23),"") | U23: =K23+N23+Q23 -> 0 | V23: =L23+O23+R23 -> 0 | W23: =IFERROR(U23/V23,"0") -> 0 | X23: =U23-T23 -> 0 | Y23: =IFERROR(U23/T23,"0") -> 0
G24: 20 | H24: =IF(H23<$D$10,H23+1,"") -> 45708 | I24: =TEXT(H24,"DDD") -> Thu | J24: =IFERROR(VLOOKUP(H24,Sheet1!$A:$B,2,0),"") | M24: =IFERROR(IF(K24=0,"",K24/L24),"") | P24: =IFERROR(IF(N24=0,"",N24/O24),"") | S24: =IFERROR(IF(Q24=0,"",Q24/R24),"") | U24: =K24+N24+Q24 -> 0 | V24: =L24+O24+R24 -> 0 | W24: =IFERROR(U24/V24,"0") -> 0 | X24: =U24-T24 -> 0 | Y24: =IFERROR(U24/T24,"0") -> 0
C25: Sales Till Date | D25: =U36 -> 0 | G25: 21 | H25: =IF(H24<$D$10,H24+1,"") -> 45709 | I25: =TEXT(H25,"DDD") -> Fri | J25: =IFERROR(VLOOKUP(H25,Sheet1!$A:$B,2,0),"") | M25: =IFERROR(IF(K25=0,"",K25/L25),"") | P25: =IFERROR(IF(N25=0,"",N25/O25),"") | S25: =IFERROR(IF(Q25=0,"",Q25/R25),"") | U25: =K25+N25+Q25 -> 0 | V25: =L25+O25+R25 -> 0 | W25: =IFERROR(U25/V25,"0") -> 0 | X25: =U25-T25 -> 0 | Y25: =IFERROR(U25/T25,"0") -> 0
G26: 22 | H26: =IF(H25<$D$10,H25+1,"") -> 45710 | I26: =TEXT(H26,"DDD") -> Sat | J26: =IFERROR(VLOOKUP(H26,Sheet1!$A:$B,2,0),"") | M26: =IFERROR(IF(K26=0,"",K26/L26),"") | P26: =IFERROR(IF(N26=0,"",N26/O26),"") | S26: =IFERROR(IF(Q26=0,"",Q26/R26),"") | U26: =K26+N26+Q26 -> 0 | V26: =L26+O26+R26 -> 0 | W26: =IFERROR(U26/V26,"0") -> 0 | X26: =U26-T26 -> 0 | Y26: =IFERROR(U26/T26,"0") -> 0
C27: Average Sales | D27: =IFERROR(AVERAGE(U5:U35),"0") -> 0 | G27: 23 | H27: =IF(H26<$D$10,H26+1,"") -> 45711 | I27: =TEXT(H27,"DDD") -> Sun | J27: =IFERROR(VLOOKUP(H27,Sheet1!$A:$B,2,0),"") | M27: =IFERROR(IF(K27=0,"",K27/L27),"") | P27: =IFERROR(IF(N27=0,"",N27/O27),"") | S27: =IFERROR(IF(Q27=0,"",Q27/R27),"") | U27: =K27+N27+Q27 -> 0 | V27: =L27+O27+R27 -> 0 | W27: =IFERROR(U27/V27,"0") -> 0 | X27: =U27-T27 -> 0 | Y27: =IFERROR(U27/T27,"0") -> 0
C28: Dine in Sales | D28: =K36 -> 0 | G28: 24 | H28: =IF(H27<$D$10,H27+1,"") -> 45712 | I28: =TEXT(H28,"DDD") -> Mon | J28: =IFERROR(VLOOKUP(H28,Sheet1!$A:$B,2,0),"") | M28: =IFERROR(IF(K28=0,"",K28/L28),"") | P28: =IFERROR(IF(N28=0,"",N28/O28),"") | S28: =IFERROR(IF(Q28=0,"",Q28/R28),"") | U28: =K28+N28+Q28 -> 0 | V28: =L28+O28+R28 -> 0 | W28: =IFERROR(U28/V28,"0") -> 0 | X28: =U28-T28 -> 0 | Y28: =IFERROR(U28/T28,"0") -> 0
C29: Takeaway Sales | D29: =N36 -> 0 | G29: 25 | H29: =IF(H28<$D$10,H28+1,"") -> 45713 | I29: =TEXT(H29,"DDD") -> Tue | J29: =IFERROR(VLOOKUP(H29,Sheet1!$A:$B,2,0),"") | M29: =IFERROR(IF(K29=0,"",K29/L29),"") | P29: =IFERROR(IF(N29=0,"",N29/O29),"") | S29: =IFERROR(IF(Q29=0,"",Q29/R29),"") | U29: =K29+N29+Q29 -> 0 | V29: =L29+O29+R29 -> 0 | W29: =IFERROR(U29/V29,"0") -> 0 | X29: =U29-T29 -> 0 | Y29: =IFERROR(U29/T29,"0") -> 0
C30: Delivery Sales | D30: =Q36 -> 0 | G30: 26 | H30: =IF(H29<$D$10,H29+1,"") -> 45714 | I30: =TEXT(H30,"DDD") -> Wed | J30: =IFERROR(VLOOKUP(H30,Sheet1!$A:$B,2,0),"") | M30: =IFERROR(IF(K30=0,"",K30/L30),"") | P30: =IFERROR(IF(N30=0,"",N30/O30),"") | S30: =IFERROR(IF(Q30=0,"",Q30/R30),"") | U30: =K30+N30+Q30 -> 0 | V30: =L30+O30+R30 -> 0 | W30: =IFERROR(U30/V30,"0") -> 0 | X30: =U30-T30 -> 0 | Y30: =IFERROR(U30/T30,"0") -> 0
G31: 27 | H31: =IF(H30<$D$10,H30+1,"") -> 45715 | I31: =TEXT(H31,"DDD") -> Thu | J31: =IFERROR(VLOOKUP(H31,Sheet1!$A:$B,2,0),"") | M31: =IFERROR(IF(K31=0,"",K31/L31),"") | P31: =IFERROR(IF(N31=0,"",N31/O31),"") | S31: =IFERROR(IF(Q31=0,"",Q31/R31),"") | U31: =K31+N31+Q31 -> 0 | V31: =L31+O31+R31 -> 0 | W31: =IFERROR(U31/V31,"0") -> 0 | X31: =U31-T31 -> 0 | Y31: =IFERROR(U31/T31,"0") -> 0
C32: Total Sales | D32: =SUM(D28:D30) -> 0 | G32: 28 | H32: =IF(H31<$D$10,H31+1,"") -> 45716 | I32: =TEXT(H32,"DDD") -> Fri | J32: =IFERROR(VLOOKUP(H32,Sheet1!$A:$B,2,0),"") | M32: =IFERROR(IF(K32=0,"",K32/L32),"") | P32: =IFERROR(IF(N32=0,"",N32/O32),"") | S32: =IFERROR(IF(Q32=0,"",Q32/R32),"") | U32: =K32+N32+Q32 -> 0 | V32: =L32+O32+R32 -> 0 | W32: =IFERROR(U32/V32,"0") -> 0 | X32: =U32-T32 -> 0 | Y32: =IFERROR(U32/T32,"0") -> 0
C33: Last year sales | D33: 5000 | G33: 29 | H33: =IF(H32<$D$10,H32+1,"") | I33: =TEXT(H33,"DDD") | J33: =IFERROR(VLOOKUP(H33,Sheet1!$A:$B,2,0),"") | M33: =IFERROR(IF(K33=0,"",K33/L33),"") | P33: =IFERROR(IF(N33=0,"",N33/O33),"") | S33: =IFERROR(IF(Q33=0,"",Q33/R33),"") | U33: =K33+N33+Q33 -> 0 | V33: =L33+O33+R33 -> 0 | W33: =IFERROR(U33/V33,"0") -> 0 | X33: =U33-T33 -> 0 | Y33: =IFERROR(U33/T33,"0") -> 0
C34: Growth | D34: =D32-D33 -> -5000 | G34: 30 | H34: =IF(H33<$D$10,H33+1,"") | I34: =TEXT(H34,"DDD") | J34: =IFERROR(VLOOKUP(H34,Sheet1!$A:$B,2,0),"") | M34: =IFERROR(IF(K34=0,"",K34/L34),"") | P34: =IFERROR(IF(N34=0,"",N34/O34),"") | S34: =IFERROR(IF(Q34=0,"",Q34/R34),"") | U34: =K34+N34+Q34 -> 0 | V34: =L34+O34+R34 -> 0 | W34: =IFERROR(U34/V34,"0") -> 0 | X34: =U34-T34 -> 0 | Y34: =IFERROR(U34/T34,"0") -> 0
C35: Growth % | D35: =IFERROR((D32-D33)/D33,"0") -> -1 | G35: 31 | H35: =IF(H34<$D$10,H34+1,"") | I35: =TEXT(H35,"DDD") | J35: =IFERROR(VLOOKUP(H35,Sheet1!$A:$B,2,0),"") | M35: =IFERROR(IF(K35=0,"",K35/L35),"") | P35: =IFERROR(IF(N35=0,"",N35/O35),"") | S35: =IFERROR(IF(Q35=0,"",Q35/R35),"") | U35: =K35+N35+Q35 -> 0 | V35: =L35+O35+R35 -> 0 | W35: =IFERROR(U35/V35,"0") -> 0 | X35: =U35-T35 -> 0 | Y35: =IFERROR(U35/T35,"0") -> 0
G36: Total | K36: =SUM(K5:K35) -> 0 | L36: =SUM(L5:L35) -> 0 | M36: =IFERROR(K36/L36,"0") -> 0 | N36: =SUM(N5:N35) -> 0 | O36: =SUM(O5:O35) -> 0 | P36: =IFERROR(N36/O36,"0") -> 0 | Q36: =SUM(Q5:Q35) -> 0 | R36: =SUM(R5:R35) -> 0 | S36: =IFERROR(Q36/R36,"0") -> 0 | T36: =SUM(T5:T35) -> 0 | U36: =SUM(U5:U35) -> 0 | V36: =SUM(V5:V35) -> 0 | W36: =IFERROR(U36/V36,"0") -> 0 | X36: =SUM(X5:X35) -> 0 | Y36: =SUM(Y5:Y35) -> 0

Sheet Mar
B2: Summary
G3: Daily Sales Report | T3: Consolidated
C4: Month | D4: Mar | G4: Sr No. | H4: Date | I4: Day | J4: Holidays | K4: Dine in Sales | L4: Dine in Tkts. | M4: APC/APT(Avg. /Transaction) | N4: TA Sales | O4: TA Tkts. | P4: APC/APT(Avg. /Transaction) | Q4: Delivery Sales | R4: Delivery Tkts. | S4: APC/APT(Avg. /Transaction) | T4: Target Sales | U4: Total Sales | V4: Total Tkts. | W4: APC/APT | X4: Target vs Acheived | Y4: %
G5: 1 | H5: =D8 -> 45717 | I5: =TEXT(H5,"DDD") -> Sat | J5: =IFERROR(VLOOKUP(H5,Sheet1!$A:$B,2,0),"") | M5: =IFERROR(IF(K5=0,"",K5/L5),"") | P5: =IFERROR(IF(N5=0,"",N5/O5),"") | S5: =IFERROR(IF(Q5=0,"",Q5/R5),"") | U5: =K5+N5+Q5 -> 0 | V5: =L5+O5+R5 -> 0 | W5: =IFERROR(U5/V5,"0") -> 0 | X5: =U5-T5 -> 0 | Y5: =IFERROR(U5/T5,"0") -> 0
C6: Year | D6: 2025 | G6: 2 | H6: =IF(H5<$D$10,H5+1,"") -> 45718 | I6: =TEXT(H6,"DDD") -> Sun | J6: =IFERROR(VLOOKUP(H6,Sheet1!$A:$B,2,0),"") | M6: =IFERROR(IF(K6=0,"",K6/L6),"") | P6: =IFERROR(IF(N6=0,"",N6/O6),"") | S6: =IFERROR(IF(Q6=0,"",Q6/R6),"") | U6: =K6+N6+Q6 -> 0 | V6: =L6+O6+R6 -> 0 | W6: =IFERROR(U6/V6,"0") -> 0 | X6: =U6-T6 -> 0 | Y6: =IFERROR(U6/T6,"0") -> 0
G7: 3 | H7: =IF(H6<$D$10,H6+1,"") -> 45719 | I7: =TEXT(H7,"DDD") -> Mon | J7: =IFERROR(VLOOKUP(H7,Sheet1!$A:$B,2,0),"") | M7: =IFERROR(IF(K7=0,"",K7/L7),"") | P7: =IFERROR(IF(N7=0,"",N7/O7),"") | S7: =IFERROR(IF(Q7=0,"",Q7/R7),"") | U7: =K7+N7+Q7 -> 0 | V7: =L7+O7+R7 -> 0 | W7: =IFERROR(U7/V7,"0") -> 0 | X7: =U7-T7 -> 0 | Y7: =IFERROR(U7/T7,"0") -> 0
C8: Start Date | D8: =DATEVALUE("01"&D4&D6) -> 45717 | G8: 4 | H8: =IF(H7<$D$10,H7+1,"") -> 45720 | I8: =TEXT(H8,"DDD") -> Tue | J8: =IFERROR(VLOOKUP(H8,Sheet1!$A:$B,2,0),"") | M8: =IFERROR(IF(K8=0,"",K8/L8),"") | P8: =IFERROR(IF(N8=0,"",N8/O8),"") | S8: =IFERROR(IF(Q8=0,"",Q8/R8),"") | U8: =K8+N8+Q8 -> 0 | V8: =L8+O8+R8 -> 0 | W8: =IFERROR(U8/V8,"0") -> 0 | X8: =U8-T8 -> 0 | Y8: =IFERROR(U8/T8,"0") -> 0
G9: 5 | H9: =IF(H8<$D$10,H8+1,"") -> 45721 | I9: =TEXT(H9,"DDD") -> Wed | J9: =IFERROR(VLOOKUP(H9,Sheet1!$A:$B,2,0),"") | M9: =IFERROR(IF(K9=0,"",K9/L9),"") | P9: =IFERROR(IF(N9=0,"",N9/O9),"") | S9: =IFERROR(IF(Q9=0,"",Q9/R9),"") | U9: =K9+N9+Q9 -> 0 | V9: =L9+O9+R9 -> 0 | W9: =IFERROR(U9/V9,"0") -> 0 | X9: =U9-T9 -> 0 | Y9: =IFERROR(U9/T9,"0") -> 0
C10: End Date | D10: =EOMONTH(D8,0) -> 45747 | G10: 6 | H10: =IF(H9<$D$10,H9+1,"") -> 45722 | I10: =TEXT(H10,"DDD") -> Thu | J10: =IFERROR(VLOOKUP(H10,Sheet1!$A:$B,2,0),"") | M10: =IFERROR(IF(K10=0,"",K10/L10),"") | P10: =IFERROR(IF(N10=0,"",N10/O10),"") | S10: =IFERROR(IF(Q10=0,"",Q10/R10),"") | U10: =K10+N10+Q10 -> 0 | V10: =L10+O10+R10 -> 0 | W10: =IFERROR(U10/V10,"0") -> 0 | X10: =U10-T10 -> 0 | Y10: =IFERROR(U10/T10,"0") -> 0
G11: 7 | H11: =IF(H10<$D$10,H10+1,"") -> 45723 | I11: =TEXT(H11,"DDD") -> Fri | J11: =IFERROR(VLOOKUP(H11,Sheet1!$A:$B,2,0),"") | M11: =IFERROR(IF(K11=0,"",K11/L11),"") | P11: =IFERROR(IF(N11=0,"",N11/O11),"") | S11: =IFERROR(IF(Q11=0,"",Q11/R11),"") | U11: =K11+N11+Q11 -> 0 | V11: =L11+O11+R11 -> 0 | W11: =IFERROR(U11/V11,"0") -> 0 | X11: =U11-T11 -> 0 | Y11: =IFERROR(U11/T11,"0") -> 0
C12: Total Days | D12: =COUNT(H5:H35) -> 31 | G12: 8 | H12: =IF(H11<$D$10,H11+1,"") -> 45724 | I12: =TEXT(H12,"DDD") -> Sat | J12: =IFERROR(VLOOKUP(H12,Sheet1!$A:$B,2,0),"") -> Holi | M12: =IFERROR(IF(K12=0,"",K12/L12),"") | P12: =IFERROR(IF(N12=0,"",N12/O12),"") | S12: =IFERROR(IF(Q12=0,"",Q12/R12),"") | U12: =K12+N12+Q12 -> 0 | V12: =L12+O12+R12 -> 0 | W12: =IFERROR(U12/V12,"0") -> 0 | X12: =U12-T12 -> 0 | Y12: =IFERROR(U12/T12,"0") -> 0
G13: 9 | H13: =IF(H12<$D$10,H12+1,"") -> 45725 | I13: =TEXT(H13,"DDD") -> Sun | J13: =IFERROR(VLOOKUP(H13,Sheet1!$A:$B,2,0),"") | M13: =IFERROR(IF(K13=0,"",K13/L13),"") | P13: =IFERROR(IF(N13=0,"",N13/O13),"") | S13: =IFERROR(IF(Q13=0,"",Q13/R13),"") | U13: =K13+N13+Q13 -> 0 | V13: =L13+O13+R13 -> 0 | W13: =IFERROR(U13/V13,"0") -> 0 | X13: =U13-T13 -> 0 | Y13: =IFERROR(U13/T13,"0") -> 0
C14: Total Sat | D14: =COUNTIF(I5:I35,"Sat") -> 5 | G14: 10 | H14: =IF(H13<$D$10,H13+1,"") -> 45726 | I14: =TEXT(H14,"DDD") -> Mon | J14: =IFERROR(VLOOKUP(H14,Sheet1!$A:$B,2,0),"") | M14: =IFERROR(IF(K14=0,"",K14/L14),"") | P14: =IFERROR(IF(N14=0,"",N14/O14),"") | S14: =IFERROR(IF(Q14=0,"",Q14/R14),"") | U14: =K14+N14+Q14 -> 0 | V14: =L14+O14+R14 -> 0 | W14: =IFERROR(U14/V14,"0") -> 0 | X14: =U14-T14 -> 0 | Y14: =IFERROR(U14/T14,"0") -> 0
C15: Total Sun | D15: =COUNTIF(I5:I35,"Sun") -> 5 | G15: 11 | H15: =IF(H14<$D$10,H14+1,"") -> 45727 | I15: =TEXT(H15,"DDD") -> Tue | J15: =IFERROR(VLOOKUP(H15,Sheet1!$A:$B,2,0),"") | M15: =IFERROR(IF(K15=0,"",K15/L15),"") | P15: =IFERROR(IF(N15=0,"",N15/O15),"") | S15: =IFERROR(IF(Q15=0,"",Q15/R15),"") | U15: =K15+N15+Q15 -> 0 | V15: =L15+O15+R15 -> 0 | W15: =IFERROR(U15/V15,"0") -> 0 | X15: =U15-T15 -> 0 | Y15: =IFERROR(U15/T15,"0") -> 0
G16: 12 | H16: =IF(H15<$D$10,H15+1,"") -> 45728 | I16: =TEXT(H16,"DDD") -> Wed | J16: =IFERROR(VLOOKUP(H16,Sheet1!$A:$B,2,0),"") | M16: =IFERROR(IF(K16=0,"",K16/L16),"") | P16: =IFERROR(IF(N16=0,"",N16/O16),"") | S16: =IFERROR(IF(Q16=0,"",Q16/R16),"") | U16: =K16+N16+Q16 -> 0 | V16: =L16+O16+R16 -> 0 | W16: =IFERROR(U16/V16,"0") -> 0 | X16: =U16-T16 -> 0 | Y16: =IFERROR(U16/T16,"0") -> 0
C17: Highest Sale for the month | D17: =MAX(U5:U35) -> 0 | G17: 13 | H17: =IF(H16<$D$10,H16+1,"") -> 45729 | I17: =TEXT(H17,"DDD") -> Thu | J17: =IFERROR(VLOOKUP(H17,Sheet1!$A:$B,2,0),"") | M17: =IFERROR(IF(K17=0,"",K17/L17),"") | P17: =IFERROR(IF(N17=0,"",N17/O17),"") | S17: =IFERROR(IF(Q17=0,"",Q17/R17),"") | U17: =K17+N17+Q17 -> 0 | V17: =L17+O17+R17 -> 0 | W17: =IFERROR(U17/V17,"0") -> 0 | X17: =U17-T17 -> 0 | Y17: =IFERROR(U17/T17,"0") -> 0
G18: 14 | H18: =IF(H17<$D$10,H17+1,"") -> 45730 | I18: =TEXT(H18,"DDD") -> Fri | J18: =IFERROR(VLOOKUP(H18,Sheet1!$A:$B,2,0),"") | M18: =IFERROR(IF(K18=0,"",K18/L18),"") | P18: =IFERROR(IF(N18=0,"",N18/O18),"") | S18: =IFERROR(IF(Q18=0,"",Q18/R18),"") | U18: =K18+N18+Q18 -> 0 | V18: =L18+O18+R18 -> 0 | W18: =IFERROR(U18/V18,"0") -> 0 | X18: =U18-T18 -> 0 | Y18: =IFERROR(U18/T18,"0") -> 0
G19: 15 | H19: =IF(H18<$D$10,H18+1,"") -> 45731 | I19: =TEXT(H19,"DDD") -> Sat | J19: =IFERROR(VLOOKUP(H19,Sheet1!$A:$B,2,0),"") | M19: =IFERROR(IF(K19=0,"",K19/L19),"") | P19: =IFERROR(IF(N19=0,"",N19/O19),"") | S19: =IFERROR(IF(Q19=0,"",Q19/R19),"") | U19: =K19+N19+Q19 -> 0 | V19: =L19+O19+R19 -> 0 | W19: =IFERROR(U19/V19,"0") -> 0 | X19: =U19-T19 -> 0 | Y19: =IFERROR(U19/T19,"0") -> 0
C20: Lowest Sale for the month | D20: =MIN(U8:U38) -> 0 | G20: 16 | H20: =IF(H19<$D$10,H19+1,"") -> 45732 | I20: =TEXT(H20,"DDD") -> Sun | J20: =IFERROR(VLOOKUP(H20,Sheet1!$A:$B,2,0),"") | M20: =IFERROR(IF(K20=0,"",K20/L20),"") | P20: =IFERROR(IF(N20=0,"",N20/O20),"") | S20: =IFERROR(IF(Q20=0,"",Q20/R20),"") | U20: =K20+N20+Q20 -> 0 | V20: =L20+O20+R20 -> 0 | W20: =IFERROR(U20/V20,"0") -> 0 | X20: =U20-T20 -> 0 | Y20: =IFERROR(U20/T20,"0") -> 0
G21: 17 | H21: =IF(H20<$D$10,H20+1,"") -> 45733 | I21: =TEXT(H21,"DDD") -> Mon | J21: =IFERROR(VLOOKUP(H21,Sheet1!$A:$B,2,0),"") | M21: =IFERROR(IF(K21=0,"",K21/L21),"") | P21: =IFERROR(IF(N21=0,"",N21/O21),"") | S21: =IFERROR(IF(Q21=0,"",Q21/R21),"") | U21: =K21+N21+Q21 -> 0 | V21: =L21+O21+R21 -> 0 | W21: =IFERROR(U21/V21,"0") -> 0 | X21: =U21-T21 -> 0 | Y21: =IFERROR(U21/T21,"0") -> 0
G22: 18 | H22: =IF(H21<$D$10,H21+1,"") -> 45734 | I22: =TEXT(H22,"DDD") -> Tue | J22: =IFERROR(VLOOKUP(H22,Sheet1!$A:$B,2,0),"") | M22: =IFERROR(IF(K22=0,"",K22/L22),"") | P22: =IFERROR(IF(N22=0,"",N22/O22),"") | S22: =IFERROR(IF(Q22=0,"",Q22/R22),"") | U22: =K22+N22+Q22 -> 0 | V22: =L22+O22+R22 -> 0 | W22: =IFERROR(U22/V22,"0") -> 0 | X22: =U22-T22 -> 0 | Y22: =IFERROR(U22/T22,"0") -> 0
C23: Target Achieved | D23: =IF(U36>T36,"Yes","No") -> No | G23: 19 | H23: =IF(H22<$D$10,H22+1,"") -> 45735 | I23: =TEXT(H23,"DDD") -> Wed | J23: =IFERROR(VLOOKUP(H23,Sheet1!$A:$B,2,0),"") | M23: =IFERROR(IF(K23=0,"",K23/L23),"") | P23: =IFERROR(IF(N23=0,"",N23/O23),"") | S23: =IFERROR(IF(Q23=0,"",Q23/R23),"") | U23: =K23+N23+Q23 -> 0 | V23: =L23+O23+R23 -> 0 | W23: =IFERROR(U23/V23,"0") -> 0 | X23: =U23-T23 -> 0 | Y23: =IFERROR(U23/T23,"0") -> 0
G24: 20 | H24: =IF(H23<$D$10,H23+1,"") -> 45736 | I24: =TEXT(H24,"DDD") -> Thu | J24: =IFERROR(VLOOKUP(H24,Sheet1!$A:$B,2,0),"") | M24: =IFERROR(IF(K24=0,"",K24/L24),"") | P24: =IFERROR(IF(N24=0,"",N24/O24),"") | S24: =IFERROR(IF(Q24=0,"",Q24/R24),"") | U24: =K24+N24+Q24 -> 0 | V24: =L24+O24+R24 -> 0 | W24: =IFERROR(U24/V24,"0") -> 0 | X24: =U24-T24 -> 0 | Y24: =IFERROR(U24/T24,"0") -> 0
C25: Sales Till Date | D25: =U36 -> 0 | G25: 21 | H25: =IF(H24<$D$10,H24+1,"") -> 45737 | I25: =TEXT(H25,"DDD") -> Fri | J25: =IFERROR(VLOOKUP(H25,Sheet1!$A:$B,2,0),"") | M25: =IFERROR(IF(K25=0,"",K25/L25),"") | P25: =IFERROR(IF(N25=0,"",N25/O25),"") | S25: =IFERROR(IF(Q25=0,"",Q25/R25),"") | U25: =K25+N25+Q25 -> 0 | V25: =L25+O25+R25 -> 0 | W25: =IFERROR(U25/V25,"0") -> 0 | X25: =U25-T25 -> 0 | Y25: =IFERROR(U25/T25,"0") -> 0
G26: 22 | H26: =IF(H25<$D$10,H25+1,"") -> 45738 | I26: =TEXT(H26,"DDD") -> Sat | J26: =IFERROR(VLOOKUP(H26,Sheet1!$A:$B,2,0),"") | M26: =IFERROR(IF(K26=0,"",K26/L26),"") | P26: =IFERROR(IF(N26=0,"",N26/O26),"") | S26: =IFERROR(IF(Q26=0,"",Q26/R26),"") | U26: =K26+N26+Q26 -> 0 | V26: =L26+O26+R26 -> 0 | W26: =IFERROR(U26/V26,"0") -> 0 | X26: =U26-T26 -> 0 | Y26: =IFERROR(U26/T26,"0") -> 0
C27: Average Sales | D27: =IFERROR(AVERAGE(U5:U35),"0") -> 0 | G27: 23 | H27: =IF(H26<$D$10,H26+1,"") -> 45739 | I27: =TEXT(H27,"DDD") -> Sun | J27: =IFERROR(VLOOKUP(H27,Sheet1!$A:$B,2,0),"") | M27: =IFERROR(IF(K27=0,"",K27/L27),"") | P27: =IFERROR(IF(N27=0,"",N27/O27),"") | S27: =IFERROR(IF(Q27=0,"",Q27/R27),"") | U27: =K27+N27+Q27 -> 0 | V27: =L27+O27+R27 -> 0 | W27: =IFERROR(U27/V27,"0") -> 0 | X27: =U27-T27 -> 0 | Y27: =IFERROR(U27/T27,"0") -> 0
C28: Dine in Sales | D28: =K36 -> 0 | G28: 24 | H28: =IF(H27<$D$10,H27+1,"") -> 45740 | I28: =TEXT(H28,"DDD") -> Mon | J28: =IFERROR(VLOOKUP(H28,Sheet1!$A:$B,2,0),"") | M28: =IFERROR(IF(K28=0,"",K28/L28),"") | P28: =IFERROR(IF(N28=0,"",N28/O28),"") | S28: =IFERROR(IF(Q28=0,"",Q28/R28),"") | U28: =K28+N28+Q28 -> 0 | V28: =L28+O28+R28 -> 0 | W28: =IFERROR(U28/V28,"0") -> 0 | X28: =U28-T28 -> 0 | Y28: =IFERROR(U28/T28,"0") -> 0
C29: Takeaway Sales | D29: =N36 -> 0 | G29: 25 | H29: =IF(H28<$D$10,H28+1,"") -> 45741 | I29: =TEXT(H29,"DDD") -> Tue | J29: =IFERROR(VLOOKUP(H29,Sheet1!$A:$B,2,0),"") | M29: =IFERROR(IF(K29=0,"",K29/L29),"") | P29: =IFERROR(IF(N29=0,"",N29/O29),"") | S29: =IFERROR(IF(Q29=0,"",Q29/R29),"") | U29: =K29+N29+Q29 -> 0 | V29: =L29+O29+R29 -> 0 | W29: =IFERROR(U29/V29,"0") -> 0 | X29: =U29-T29 -> 0 | Y29: =IFERROR(U29/T29,"0") -> 0
C30: Delivery Sales | D30: =Q36 -> 0 | G30: 26 | H30: =IF(H29<$D$10,H29+1,"") -> 45742 | I30: =TEXT(H30,"DDD") -> Wed | J30: =IFERROR(VLOOKUP(H30,Sheet1!$A:$B,2,0),"") | M30: =IFERROR(IF(K30=0,"",K30/L30),"") | P30: =IFERROR(IF(N30=0,"",N30/O30),"") | S30: =IFERROR(IF(Q30=0,"",Q30/R30),"") | U30: =K30+N30+Q30 -> 0 | V30: =L30+O30+R30 -> 0 | W30: =IFERROR(U30/V30,"0") -> 0 | X30: =U30-T30 -> 0 | Y30: =IFERROR(U30/T30,"0") -> 0
G31: 27 | H31: =IF(H30<$D$10,H30+1,"") -> 45743 | I31: =TEXT(H31,"DDD") -> Thu | J31: =IFERROR(VLOOKUP(H31,Sheet1!$A:$B,2,0),"") | M31: =IFERROR(IF(K31=0,"",K31/L31),"") | P31: =IFERROR(IF(N31=0,"",N31/O31),"") | S31: =IFERROR(IF(Q31=0,"",Q31/R31),"") | U31: =K31+N31+Q31 -> 0 | V31: =L31+O31+R31 -> 0 | W31: =IFERROR(U31/V31,"0") -> 0 | X31: =U31-T31 -> 0 | Y31: =IFERROR(U31/T31,"0") -> 0
C32: Total Sales | D32: =SUM(D28:D30) -> 0 | G32: 28 | H32: =IF(H31<$D$10,H31+1,"") -> 45744 | I32: =TEXT(H32,"DDD") -> Fri | J32: =IFERROR(VLOOKUP(H32,Sheet1!$A:$B,2,0),"") | M32: =IFERROR(IF(K32=0,"",K32/L32),"") | P32: =IFERROR(IF(N32=0,"",N32/O32),"") | S32: =IFERROR(IF(Q32=0,"",Q32/R32),"") | U32: =K32+N32+Q32 -> 0 | V32: =L32+O32+R32 -> 0 | W32: =IFERROR(U32/V32,"0") -> 0 | X32: =U32-T32 -> 0 | Y32: =IFERROR(U32/T32,"0") -> 0
C33: Last year sales | D33: 5000 | G33: 29 | H33: =IF(H32<$D$10,H32+1,"") -> 45745 | I33: =TEXT(H33,"DDD") -> Sat | J33: =IFERROR(VLOOKUP(H33,Sheet1!$A:$B,2,0),"") | M33: =IFERROR(IF(K33=0,"",K33/L33),"") | P33: =IFERROR(IF(N33=0,"",N33/O33),"") | S33: =IFERROR(IF(Q33=0,"",Q33/R33),"") | U33: =K33+N33+Q33 -> 0 | V33: =L33+O33+R33 -> 0 | W33: =IFERROR(U33/V33,"0") -> 0 | X33: =U33-T33 -> 0 | Y33: =IFERROR(U33/T33,"0") -> 0
C34: Growth | D34: =D32-D33 -> -5000 | G34: 30 | H34: =IF(H33<$D$10,H33+1,"") -> 45746 | I34: =TEXT(H34,"DDD") -> Sun | J34: =IFERROR(VLOOKUP(H34,Sheet1!$A:$B,2,0),"") | M34: =IFERROR(IF(K34=0,"",K34/L34),"") | P34: =IFERROR(IF(N34=0,"",N34/O34),"") | S34: =IFERROR(IF(Q34=0,"",Q34/R34),"") | U34: =K34+N34+Q34 -> 0 | V34: =L34+O34+R34 -> 0 | W34: =IFERROR(U34/V34,"0") -> 0 | X34: =U34-T34 -> 0 | Y34: =IFERROR(U34/T34,"0") -> 0
C35: Growth % | D35: =IFERROR((D32-D33)/D33,"0") -> -1 | G35: 31 | H35: =IF(H34<$D$10,H34+1,"") -> 45747 | I35: =TEXT(H35,"DDD") -> Mon | J35: =IFERROR(VLOOKUP(H35,Sheet1!$A:$B,2,0),"") | M35: =IFERROR(IF(K35=0,"",K35/L35),"") | P35: =IFERROR(IF(N35=0,"",N35/O35),"") | S35: =IFERROR(IF(Q35=0,"",Q35/R35),"") | U35: =K35+N35+Q35 -> 0 | V35: =L35+O35+R35 -> 0 | W35: =IFERROR(U35/V35,"0") -> 0 | X35: =U35-T35 -> 0 | Y35: =IFERROR(U35/T35,"0") -> 0
G36: Total | K36: =SUM(K5:K35) -> 0 | L36: =SUM(L5:L35) -> 0 | M36: =IFERROR(K36/L36,"0") -> 0 | N36: =SUM(N5:N35) -> 0 | O36: =SUM(O5:O35) -> 0 | P36: =IFERROR(N36/O36,"0") -> 0 | Q36: =SUM(Q5:Q35) -> 0 | R36: =SUM(R5:R35) -> 0 | S36: =IFERROR(Q36/R36,"0") -> 0 | T36: =SUM(T5:T35) -> 0 | U36: =SUM(U5:U35) -> 0 | V36: =SUM(V5:V35) -> 0 | W36: =IFERROR(U36/V36,"0") -> 0 | X36: =SUM(X5:X35) -> 0 | Y36: =SUM(Y5:Y35) -> 0

Sheet Apr
B2: Summary
G3: Daily Sales Report | T3: Consolidated
C4: Month | D4: Apr | G4: Sr No. | H4: Date | I4: Day | J4: Holidays | K4: Dine in Sales | L4: Dine in Tkts. | M4: APC/APT(Avg. /Transaction) | N4: TA Sales | O4: TA Tkts. | P4: APC/APT(Avg. /Transaction) | Q4: Delivery Sales | R4: Delivery Tkts. | S4: APC/APT(Avg. /Transaction) | T4: Target Sales | U4: Total Sales | V4: Total Tkts. | W4: APC/APT | X4: Target vs Acheived | Y4: %
G5: 1 | H5: =D8 -> 45748 | I5: =TEXT(H5,"DDD") -> Tue | J5: =IFERROR(VLOOKUP(H5,Sheet1!$A:$B,2,0),"") | M5: =IFERROR(IF(K5=0,"",K5/L5),"") | P5: =IFERROR(IF(N5=0,"",N5/O5),"") | S5: =IFERROR(IF(Q5=0,"",Q5/R5),"") | U5: =K5+N5+Q5 -> 0 | V5: =L5+O5+R5 -> 0 | W5: =IFERROR(U5/V5,"0") -> 0 | X5: =U5-T5 -> 0 | Y5: =IFERROR(U5/T5,"0") -> 0
C6: Year | D6: 2025 | G6: 2 | H6: =IF(H5<$D$10,H5+1,"") -> 45749 | I6: =TEXT(H6,"DDD") -> Wed | J6: =IFERROR(VLOOKUP(H6,Sheet1!$A:$B,2,0),"") | M6: =IFERROR(IF(K6=0,"",K6/L6),"") | P6: =IFERROR(IF(N6=0,"",N6/O6),"") | S6: =IFERROR(IF(Q6=0,"",Q6/R6),"") | U6: =K6+N6+Q6 -> 0 | V6: =L6+O6+R6 -> 0 | W6: =IFERROR(U6/V6,"0") -> 0 | X6: =U6-T6 -> 0 | Y6: =IFERROR(U6/T6,"0") -> 0
G7: 3 | H7: =IF(H6<$D$10,H6+1,"") -> 45750 | I7: =TEXT(H7,"DDD") -> Thu | J7: =IFERROR(VLOOKUP(H7,Sheet1!$A:$B,2,0),"") | M7: =IFERROR(IF(K7=0,"",K7/L7),"") | P7: =IFERROR(IF(N7=0,"",N7/O7),"") | S7: =IFERROR(IF(Q7=0,"",Q7/R7),"") | U7: =K7+N7+Q7 -> 0 | V7: =L7+O7+R7 -> 0 | W7: =IFERROR(U7/V7,"0") -> 0 | X7: =U7-T7 -> 0 | Y7: =IFERROR(U7/T7,"0") -> 0
C8: Start Date | D8: =DATEVALUE("01"&D4&D6) -> 45748 | G8: 4 | H8: =IF(H7<$D$10,H7+1,"") -> 45751 | I8: =TEXT(H8,"DDD") -> Fri | J8: =IFERROR(VLOOKUP(H8,Sheet1!$A:$B,2,0),"") | M8: =IFERROR(IF(K8=0,"",K8/L8),"") | P8: =IFERROR(IF(N8=0,"",N8/O8),"") | S8: =IFERROR(IF(Q8=0,"",Q8/R8),"") | U8: =K8+N8+Q8 -> 0 | V8: =L8+O8+R8 -> 0 | W8: =IFERROR(U8/V8,"0") -> 0 | X8: =U8-T8 -> 0 | Y8: =IFERROR(U8/T8,"0") -> 0
G9: 5 | H9: =IF(H8<$D$10,H8+1,"") -> 45752 | I9: =TEXT(H9,"DDD") -> Sat | J9: =IFERROR(VLOOKUP(H9,Sheet1!$A:$B,2,0),"") | M9: =IFERROR(IF(K9=0,"",K9/L9),"") | P9: =IFERROR(IF(N9=0,"",N9/O9),"") | S9: =IFERROR(IF(Q9=0,"",Q9/R9),"") | U9: =K9+N9+Q9 -> 0 | V9: =L9+O9+R9 -> 0 | W9: =IFERROR(U9/V9,"0") -> 0 | X9: =U9-T9 -> 0 | Y9: =IFERROR(U9/T9,"0") -> 0
C10: End Date | D10: =EOMONTH(D8,0) -> 45777 | G10: 6 | H10: =IF(H9<$D$10,H9+1,"") -> 45753 | I10: =TEXT(H10,"DDD") -> Sun | J10: =IFERROR(VLOOKUP(H10,Sheet1!$A:$B,2,0),"") | M10: =IFERROR(IF(K10=0,"",K10/L10),"") | P10: =IFERROR(IF(N10=0,"",N10/O10),"") | S10: =IFERROR(IF(Q10=0,"",Q10/R10),"") | U10: =K10+N10+Q10 -> 0 | V10: =L10+O10+R10 -> 0 | W10: =IFERROR(U10/V10,"0") -> 0 | X10: =U10-T10 -> 0 | Y10: =IFERROR(U10/T10,"0") -> 0
G11: 7 | H11: =IF(H10<$D$10,H10+1,"") -> 45754 | I11: =TEXT(H11,"DDD") -> Mon | J11: =IFERROR(VLOOKUP(H11,Sheet1!$A:$B,2,0),"") -> Good Friday | M11: =IFERROR(IF(K11=0,"",K11/L11),"") | P11: =IFERROR(IF(N11=0,"",N11/O11),"") | S11: =IFERROR(IF(Q11=0,"",Q11/R11),"") | U11: =K11+N11+Q11 -> 0 | V11: =L11+O11+R11 -> 0 | W11: =IFERROR(U11/V11,"0") -> 0 | X11: =U11-T11 -> 0 | Y11: =IFERROR(U11/T11,"0") -> 0
C12: Total Days | D12: =COUNT(H5:H35) -> 30 | G12: 8 | H12: =IF(H11<$D$10,H11+1,"") -> 45755 | I12: =TEXT(H12,"DDD") -> Tue | J12: =IFERROR(VLOOKUP(H12,Sheet1!$A:$B,2,0),"") | M12: =IFERROR(IF(K12=0,"",K12/L12),"") | P12: =IFERROR(IF(N12=0,"",N12/O12),"") | S12: =IFERROR(IF(Q12=0,"",Q12/R12),"") | U12: =K12+N12+Q12 -> 0 | V12: =L12+O12+R12 -> 0 | W12: =IFERROR(U12/V12,"0") -> 0 | X12: =U12-T12 -> 0 | Y12: =IFERROR(U12/T12,"0") -> 0
G13: 9 | H13: =IF(H12<$D$10,H12+1,"") -> 45756 | I13: =TEXT(H13,"DDD") -> Wed | J13: =IFERROR(VLOOKUP(H13,Sheet1!$A:$B,2,0),"") | M13: =IFERROR(IF(K13=0,"",K13/L13),"") | P13: =IFERROR(IF(N13=0,"",N13/O13),"") | S13: =IFERROR(IF(Q13=0,"",Q13/R13),"") | U13: =K13+N13+Q13 -> 0 | V13: =L13+O13+R13 -> 0 | W13: =IFERROR(U13/V13,"0") -> 0 | X13: =U13-T13 -> 0 | Y13: =IFERROR(U13/T13,"0") -> 0
C14: Total Sat | D14: =COUNTIF(I5:I35,"Sat") -> 4 | G14: 10 | H14: =IF(H13<$D$10,H13+1,"") -> 45757 | I14: =TEXT(H14,"DDD") -> Thu | J14: =IFERROR(VLOOKUP(H14,Sheet1!$A:$B,2,0),"") | M14: =IFERROR(IF(K14=0,"",K14/L14),"") | P14: =IFERROR(IF(N14=0,"",N14/O14),"") | S14: =IFERROR(IF(Q14=0,"",Q14/R14),"") | U14: =K14+N14+Q14 -> 0 | V14: =L14+O14+R14 -> 0 | W14: =IFERROR(U14/V14,"0") -> 0 | X14: =U14-T14 -> 0 | Y14: =IFERROR(U14/T14,"0") -> 0
C15: Total Sun | D15: =COUNTIF(I5:I35,"Sun") -> 4 | G15: 11 | H15: =IF(H14<$D$10,H14+1,"") -> 45758 | I15: =TEXT(H15,"DDD") -> Fri | J15: =IFERROR(VLOOKUP(H15,Sheet1!$A:$B,2,0),"") | M15: =IFERROR(IF(K15=0,"",K15/L15),"") | P15: =IFERROR(IF(N15=0,"",N15/O15),"") | S15: =IFERROR(IF(Q15=0,"",Q15/R15),"") | U15: =K15+N15+Q15 -> 0 | V15: =L15+O15+R15 -> 0 | W15: =IFERROR(U15/V15,"0") -> 0 | X15: =U15-T15 -> 0 | Y15: =IFERROR(U15/T15,"0") -> 0
G16: 12 | H16: =IF(H15<$D$10,H15+1,"") -> 45759 | I16: =TEXT(H16,"DDD") -> Sat | J16: =IFERROR(VLOOKUP(H16,Sheet1!$A:$B,2,0),"") | M16: =IFERROR(IF(K16=0,"",K16/L16),"") | P16: =IFERROR(IF(N16=0,"",N16/O16),"") | S16: =IFERROR(IF(Q16=0,"",Q16/R16),"") | U16: =K16+N16+Q16 -> 0 | V16: =L16+O16+R16 -> 0 | W16: =IFERROR(U16/V16,"0") -> 0 | X16: =U16-T16 -> 0 | Y16: =IFERROR(U16/T16,"0") -> 0
C17: Highest Sale for the month | D17: =MAX(U5:U35) -> 0 | G17: 13 | H17: =IF(H16<$D$10,H16+1,"") -> 45760 | I17: =TEXT(H17,"DDD") -> Sun | J17: =IFERROR(VLOOKUP(H17,Sheet1!$A:$B,2,0),"") | M17: =IFERROR(IF(K17=0,"",K17/L17),"") | P17: =IFERROR(IF(N17=0,"",N17/O17),"") | S17: =IFERROR(IF(Q17=0,"",Q17/R17),"") | U17: =K17+N17+Q17 -> 0 | V17: =L17+O17+R17 -> 0 | W17: =IFERROR(U17/V17,"0") -> 0 | X17: =U17-T17 -> 0 | Y17: =IFERROR(U17/T17,"0") -> 0
G18: 14 | H18: =IF(H17<$D$10,H17+1,"") -> 45761 | I18: =TEXT(H18,"DDD") -> Mon | J18: =IFERROR(VLOOKUP(H18,Sheet1!$A:$B,2,0),"") | M18: =IFERROR(IF(K18=0,"",K18/L18),"") | P18: =IFERROR(IF(N18=0,"",N18/O18),"") | S18: =IFERROR(IF(Q18=0,"",Q18/R18),"") | U18: =K18+N18+Q18 -> 0 | V18: =L18+O18+R18 -> 0 | W18: =IFERROR(U18/V18,"0") -> 0 | X18: =U18-T18 -> 0 | Y18: =IFERROR(U18/T18,"0") -> 0
G19: 15 | H19: =IF(H18<$D$10,H18+1,"") -> 45762 | I19: =TEXT(H19,"DDD") -> Tue | J19: =IFERROR(VLOOKUP(H19,Sheet1!$A:$B,2,0),"") | M19: =IFERROR(IF(K19=0,"",K19/L19),"") | P19: =IFERROR(IF(N19=0,"",N19/O19),"") | S19: =IFERROR(IF(Q19=0,"",Q19/R19),"") | U19: =K19+N19+Q19 -> 0 | V19: =L19+O19+R19 -> 0 | W19: =IFERROR(U19/V19,"0") -> 0 | X19: =U19-T19 -> 0 | Y19: =IFERROR(U19/T19,"0") -> 0
C20: Lowest Sale for the month | D20: =MIN(U8:U38) -> 0 | G20: 16 | H20: =IF(H19<$D$10,H19+1,"") -> 45763 | I20: =TEXT(H20,"DDD") -> Wed | J20: =IFERROR(VLOOKUP(H20,Sheet1!$A:$B,2,0),"") | M20: =IFERROR(IF(K20=0,"",K20/L20),"") | P20: =IFERROR(IF(N20=0,"",N20/O20),"") | S20: =IFERROR(IF(Q20=0,"",Q20/R20),"") | U20: =K20+N20+Q20 -> 0 | V20: =L20+O20+R20 -> 0 | W20: =IFERROR(U20/V20,"0") -> 0 | X20: =U20-T20 -> 0 | Y20: =IFERROR(U20/T20,"0") -> 0
G21: 17 | H21: =IF(H20<$D$10,H20+1,"") -> 45764 | I21: =TEXT(H21,"DDD") -> Thu | J21: =IFERROR(VLOOKUP(H21,Sheet1!$A:$B,2,0),"") | M21: =IFERROR(IF(K21=0,"",K21/L21),"") | P21: =IFERROR(IF(N21=0,"",N21/O21),"") | S21: =IFERROR(IF(Q21=0,"",Q21/R21),"") | U21: =K21+N21+Q21 -> 0 | V21: =L21+O21+R21 -> 0 | W21: =IFERROR(U21/V21,"0") -> 0 | X21: =U21-T21 -> 0 | Y21: =IFERROR(U21/T21,"0") -> 0
G22: 18 | H22: =IF(H21<$D$10,H21+1,"") -> 45765 | I22: =TEXT(H22,"DDD") -> Fri | J22: =IFERROR(VLOOKUP(H22,Sheet1!$A:$B,2,0),"") | M22: =IFERROR(IF(K22=0,"",K22/L22),"") | P22: =IFERROR(IF(N22=0,"",N22/O22),"") | S22: =IFERROR(IF(Q22=0,"",Q22/R22),"") | U22: =K22+N22+Q22 -> 0 | V22: =L22+O22+R22 -> 0 | W22: =IFERROR(U22/V22,"0") -> 0 | X22: =U22-T22 -> 0 | Y22: =IFERROR(U22/T22,"0") -> 0
C23: Target Achieved | D23: =IF(U36>T36,"Yes","No") -> No | G23: 19 | H23: =IF(H22<$D$10,H22+1,"") -> 45766 | I23: =TEXT(H23,"DDD") -> Sat | J23: =IFERROR(VLOOKUP(H23,Sheet1!$A:$B,2,0),"") | M23: =IFERROR(IF(K23=0,"",K23/L23),"") | P23: =IFERROR(IF(N23=0,"",N23/O23),"") | S23: =IFERROR(IF(Q23=0,"",Q23/R23),"") | U23: =K23+N23+Q23 -> 0 | V23: =L23+O23+R23 -> 0 | W23: =IFERROR(U23/V23,"0") -> 0 | X23: =U23-T23 -> 0 | Y23: =IFERROR(U23/T23,"0") -> 0
G24: 20 | H24: =IF(H23<$D$10,H23+1,"") -> 45767 | I24: =TEXT(H24,"DDD") -> Sun | J24: =IFERROR(VLOOKUP(H24,Sheet1!$A:$B,2,0),"") | M24: =IFERROR(IF(K24=0,"",K24/L24),"") | P24: =IFERROR(IF(N24=0,"",N24/O24),"") | S24: =IFERROR(IF(Q24=0,"",Q24/R24),"") | U24: =K24+N24+Q24 -> 0 | V24: =L24+O24+R24 -> 0 | W24: =IFERROR(U24/V24,"0") -> 0 | X24: =U24-T24 -> 0 | Y24: =IFERROR(U24/T24,"0") -> 0
C25: Sales Till Date | D25: =U36 -> 0 | G25: 21 | H25: =IF(H24<$D$10,H24+1,"") -> 45768 | I25: =TEXT(H25,"DDD") -> Mon | J25: =IFERROR(VLOOKUP(H25,Sheet1!$A:$B,2,0),"") | M25: =IFERROR(IF(K25=0,"",K25/L25),"") | P25: =IFERROR(IF(N25=0,"",N25/O25),"") | S25: =IFERROR(IF(Q25=0,"",Q25/R25),"") | U25: =K25+N25+Q25 -> 0 | V25: =L25+O25+R25 -> 0 | W25: =IFERROR(U25/V25,"0") -> 0 | X25: =U25-T25 -> 0 | Y25: =IFERROR(U25/T25,"0") -> 0
G26: 22 | H26: =IF(H25<$D$10,H25+1,"") -> 45769 | I26: =TEXT(H26,"DDD") -> Tue | J26: =IFERROR(VLOOKUP(H26,Sheet1!$A:$B,2,0),"") | M26: =IFERROR(IF(K26=0,"",K26/L26),"") | P26: =IFERROR(IF(N26=0,"",N26/O26),"") | S26: =IFERROR(IF(Q26=0,"",Q26/R26),"") | U26: =K26+N26+Q26 -> 0 | V26: =L26+O26+R26 -> 0 | W26: =IFERROR(U26/V26,"0") -> 0 | X26: =U26-T26 -> 0 | Y26: =IFERROR(U26/T26,"0") -> 0
C27: Average Sales | D27: =IFERROR(AVERAGE(U5:U35),"0") -> 0 | G27: 23 | H27: =IF(H26<$D$10,H26+1,"") -> 45770 | I27: =TEXT(H27,"DDD") -> Wed | J27: =IFERROR(VLOOKUP(H27,Sheet1!$A:$B,2,0),"") | M27: =IFERROR(IF(K27=0,"",K27/L27),"") | P27: =IFERROR(IF(N27=0,"",N27/O27),"") | S27: =IFERROR(IF(Q27=0,"",Q27/R27),"") | U27: =K27+N27+Q27 -> 0 | V27: =L27+O27+R27 -> 0 | W27: =IFERROR(U27/V27,"0") -> 0 | X27: =U27-T27 -> 0 | Y27: =IFERROR(U27/T27,"0") -> 0
C28: Dine in Sales | D28: =K36 -> 0 | G28: 24 | H28: =IF(H27<$D$10,H27+1,"") -> 45771 | I28: =TEXT(H28,"DDD") -> Thu | J28: =IFERROR(VLOOKUP(H28,Sheet1!$A:$B,2,0),"") | M28: =IFERROR(IF(K28=0,"",K28/L28),"") | P28: =IFERROR(IF(N28=0,"",N28/O28),"") | S28: =IFERROR(IF(Q28=0,"",Q28/R28),"") | U28: =K28+N28+Q28 -> 0 | V28: =L28+O28+R28 -> 0 | W28: =IFERROR(U28/V28,"0") -> 0 | X28: =U28-T28 -> 0 | Y28: =IFERROR(U28/T28,"0") -> 0
C29: Takeaway Sales | D29: =N36 -> 0 | G29: 25 | H29: =IF(H28<$D$10,H28+1,"") -> 45772 | I29: =TEXT(H29,"DDD") -> Fri | J29: =IFERROR(VLOOKUP(H29,Sheet1!$A:$B,2,0),"") | M29: =IFERROR(IF(K29=0,"",K29/L29),"") | P29: =IFERROR(IF(N29=0,"",N29/O29),"") | S29: =IFERROR(IF(Q29=0,"",Q29/R29),"") | U29: =K29+N29+Q29 -> 0 | V29: =L29+O29+R29 -> 0 | W29: =IFERROR(U29/V29,"0") -> 0 | X29: =U29-T29 -> 0 | Y29: =IFERROR(U29/T29,"0") -> 0
C30: Delivery Sales | D30: =Q36 -> 0 | G30: 26 | H30: =IF(H29<$D$10,H29+1,"") -> 45773 | I30: =TEXT(H30,"DDD") -> Sat | J30: =IFERROR(VLOOKUP(H30,Sheet1!$A:$B,2,0),"") | M30: =IFERROR(IF(K30=0,"",K30/L30),"") | P30: =IFERROR(IF(N30=0,"",N30/O30),"") | S30: =IFERROR(IF(Q30=0,"",Q30/R30),"") | U30: =K30+N30+Q30 -> 0 | V30: =L30+O30+R30 -> 0 | W30: =IFERROR(U30/V30,"0") -> 0 | X30: =U30-T30 -> 0 | Y30: =IFERROR(U30/T30,"0") -> 0
G31: 27 | H31: =IF(H30<$D$10,H30+1,"") -> 45774 | I31: =TEXT(H31,"DDD") -> Sun | J31: =IFERROR(VLOOKUP(H31,Sheet1!$A:$B,2,0),"") | M31: =IFERROR(IF(K31=0,"",K31/L31),"") | P31: =IFERROR(IF(N31=0,"",N31/O31),"") | S31: =IFERROR(IF(Q31=0,"",Q31/R31),"") | U31: =K31+N31+Q31 -> 0 | V31: =L31+O31+R31 -> 0 | W31: =IFERROR(U31/V31,"0") -> 0 | X31: =U31-T31 -> 0 | Y31: =IFERROR(U31/T31,"0") -> 0
C32: Total Sales | D32: =SUM(D28:D30) -> 0 | G32: 28 | H32: =IF(H31<$D$10,H31+1,"") -> 45775 | I32: =TEXT(H32,"DDD") -> Mon | J32: =IFERROR(VLOOKUP(H32,Sheet1!$A:$B,2,0),"") | M32: =IFERROR(IF(K32=0,"",K32/L32),"") | P32: =IFERROR(IF(N32=0,"",N32/O32),"") | S32: =IFERROR(IF(Q32=0,"",Q32/R32),"") | U32: =K32+N32+Q32 -> 0 | V32: =L32+O32+R32 -> 0 | W32: =IFERROR(U32/V32,"0") -> 0 | X32: =U32-T32 -> 0 | Y32: =IFERROR(U32/T32,"0") -> 0
C33: Last year sales | D33: 5000 | G33: 29 | H33: =IF(H32<$D$10,H32+1,"") -> 45776 | I33: =TEXT(H33,"DDD") -> Tue | J33: =IFERROR(VLOOKUP(H33,Sheet1!$A:$B,2,0),"") | M33: =IFERROR(IF(K33=0,"",K33/L33),"") | P33: =IFERROR(IF(N33=0,"",N33/O33),"") | S33: =IFERROR(IF(Q33=0,"",Q33/R33),"") | U33: =K33+N33+Q33 -> 0 | V33: =L33+O33+R33 -> 0 | W33: =IFERROR(U33/V33,"0") -> 0 | X33: =U33-T33 -> 0 | Y33: =IFERROR(U33/T33,"0") -> 0
C34: Growth | D34: =D32-D33 -> -5000 | G34: 30 | H34: =IF(H33<$D$10,H33+1,"") -> 45777 | I34: =TEXT(H34,"DDD") -> Wed | J34: =IFERROR(VLOOKUP(H34,Sheet1!$A:$B,2,0),"") | M34: =IFERROR(IF(K34=0,"",K34/L34),"") | P34: =IFERROR(IF(N34=0,"",N34/O34),"") | S34: =IFERROR(IF(Q34=0,"",Q34/R34),"") | U34: =K34+N34+Q34 -> 0 | V34: =L34+O34+R34 -> 0 | W34: =IFERROR(U34/V34,"0") -> 0 | X34: =U34-T34 -> 0 | Y34: =IFERROR(U34/T34,"0") -> 0
C35: Growth % | D35: =IFERROR((D32-D33)/D33,"0") -> -1 | G35: 31 | H35: =IF(H34<$D$10,H34+1,"") | I35: =TEXT(H35,"DDD") | J35: =IFERROR(VLOOKUP(H35,Sheet1!$A:$B,2,0),"") | M35: =IFERROR(IF(K35=0,"",K35/L35),"") | P35: =IFERROR(IF(N35=0,"",N35/O35),"") | S35: =IFERROR(IF(Q35=0,"",Q35/R35),"") | U35: =K35+N35+Q35 -> 0 | V35: =L35+O35+R35 -> 0 | W35: =IFERROR(U35/V35,"0") -> 0 | X35: =U35-T35 -> 0 | Y35: =IFERROR(U35/T35,"0") -> 0
G36: Total | K36: =SUM(K5:K35) -> 0 | L36: =SUM(L5:L35) -> 0 | M36: =IFERROR(K36/L36,"0") -> 0 | N36: =SUM(N5:N35) -> 0 | O36: =SUM(O5:O35) -> 0 | P36: =IFERROR(N36/O36,"0") -> 0 | Q36: =SUM(Q5:Q35) -> 0 | R36: =SUM(R5:R35) -> 0 | S36: =IFERROR(Q36/R36,"0") -> 0 | T36: =SUM(T5:T35) -> 0 | U36: =SUM(U5:U35) -> 0 | V36: =SUM(V5:V35) -> 0 | W36: =IFERROR(U36/V36,"0") -> 0 | X36: =SUM(X5:X35) -> 0 | Y36: =SUM(Y5:Y35) -> 0

Sheet May
B2: Summary
G3: Daily Sales Report | T3: Consolidated
C4: Month | D4: May | G4: Sr No. | H4: Date | I4: Day | J4: Holidays | K4: Dine in Sales | L4: Dine in Tkts. | M4: APC/APT(Avg. /Transaction) | N4: TA Sales | O4: TA Tkts. | P4: APC/APT(Avg. /Transaction) | Q4: Delivery Sales | R4: Delivery Tkts. | S4: APC/APT(Avg. /Transaction) | T4: Target Sales | U4: Total Sales | V4: Total Tkts. | W4: APC/APT | X4: Target vs Acheived | Y4: %
G5: 1 | H5: =D8 -> 45778 | I5: =TEXT(H5,"DDD") -> Thu | J5: =IFERROR(VLOOKUP(H5,Sheet1!$A:$B,2,0),"") -> Labour Day | M5: =IFERROR(IF(K5=0,"",K5/L5),"") | P5: =IFERROR(IF(N5=0,"",N5/O5),"") | S5: =IFERROR(IF(Q5=0,"",Q5/R5),"") | U5: =K5+N5+Q5 -> 0 | V5: =L5+O5+R5 -> 0 | W5: =IFERROR(U5/V5,"0") -> 0 | X5: =U5-T5 -> 0 | Y5: =IFERROR(U5/T5,"0") -> 0
C6: Year | D6: 2025 | G6: 2 | H6: =IF(H5<$D$10,H5+1,"") -> 45779 | I6: =TEXT(H6,"DDD") -> Fri | J6: =IFERROR(VLOOKUP(H6,Sheet1!$A:$B,2,0),"") | M6: =IFERROR(IF(K6=0,"",K6/L6),"") | P6: =IFERROR(IF(N6=0,"",N6/O6),"") | S6: =IFERROR(IF(Q6=0,"",Q6/R6),"") | U6: =K6+N6+Q6 -> 0 | V6: =L6+O6+R6 -> 0 | W6: =IFERROR(U6/V6,"0") -> 0 | X6: =U6-T6 -> 0 | Y6: =IFERROR(U6/T6,"0") -> 0
G7: 3 | H7: =IF(H6<$D$10,H6+1,"") -> 45780 | I7: =TEXT(H7,"DDD") -> Sat | J7: =IFERROR(VLOOKUP(H7,Sheet1!$A:$B,2,0),"") | M7: =IFERROR(IF(K7=0,"",K7/L7),"") | P7: =IFERROR(IF(N7=0,"",N7/O7),"") | S7: =IFERROR(IF(Q7=0,"",Q7/R7),"") | U7: =K7+N7+Q7 -> 0 | V7: =L7+O7+R7 -> 0 | W7: =IFERROR(U7/V7,"0") -> 0 | X7: =U7-T7 -> 0 | Y7: =IFERROR(U7/T7,"0") -> 0
C8: Start Date | D8: =DATEVALUE("01"&D4&D6) -> 45778 | G8: 4 | H8: =IF(H7<$D$10,H7+1,"") -> 45781 | I8: =TEXT(H8,"DDD") -> Sun | J8: =IFERROR(VLOOKUP(H8,Sheet1!$A:$B,2,0),"") | M8: =IFERROR(IF(K8=0,"",K8/L8),"") | P8: =IFERROR(IF(N8=0,"",N8/O8),"") | S8: =IFERROR(IF(Q8=0,"",Q8/R8),"") | U8: =K8+N8+Q8 -> 0 | V8: =L8+O8+R8 -> 0 | W8: =IFERROR(U8/V8,"0") -> 0 | X8: =U8-T8 -> 0 | Y8: =IFERROR(U8/T8,"0") -> 0
G9: 5 | H9: =IF(H8<$D$10,H8+1,"") -> 45782 | I9: =TEXT(H9,"DDD") -> Mon | J9: =IFERROR(VLOOKUP(H9,Sheet1!$A:$B,2,0),"") | M9: =IFERROR(IF(K9=0,"",K9/L9),"") | P9: =IFERROR(IF(N9=0,"",N9/O9),"") | S9: =IFERROR(IF(Q9=0,"",Q9/R9),"") | U9: =K9+N9+Q9 -> 0 | V9: =L9+O9+R9 -> 0 | W9: =IFERROR(U9/V9,"0") -> 0 | X9: =U9-T9 -> 0 | Y9: =IFERROR(U9/T9,"0") -> 0
C10: End Date | D10: =EOMONTH(D8,0) -> 45808 | G10: 6 | H10: =IF(H9<$D$10,H9+1,"") -> 45783 | I10: =TEXT(H10,"DDD") -> Tue | J10: =IFERROR(VLOOKUP(H10,Sheet1!$A:$B,2,0),"") | M10: =IFERROR(IF(K10=0,"",K10/L10),"") | P10: =IFERROR(IF(N10=0,"",N10/O10),"") | S10: =IFERROR(IF(Q10=0,"",Q10/R10),"") | U10: =K10+N10+Q10 -> 0 | V10: =L10+O10+R10 -> 0 | W10: =IFERROR(U10/V10,"0") -> 0 | X10: =U10-T10 -> 0 | Y10: =IFERROR(U10/T10,"0") -> 0
G11: 7 | H11: =IF(H10<$D$10,H10+1,"") -> 45784 | I11: =TEXT(H11,"DDD") -> Wed | J11: =IFERROR(VLOOKUP(H11,Sheet1!$A:$B,2,0),"") | M11: =IFERROR(IF(K11=0,"",K11/L11),"") | P11: =IFERROR(IF(N11=0,"",N11/O11),"") | S11: =IFERROR(IF(Q11=0,"",Q11/R11),"") | U11: =K11+N11+Q11 -> 0 | V11: =L11+O11+R11 -> 0 | W11: =IFERROR(U11/V11,"0") -> 0 | X11: =U11-T11 -> 0 | Y11: =IFERROR(U11/T11,"0") -> 0
C12: Total Days | D12: =COUNT(H5:H35) -> 31 | G12: 8 | H12: =IF(H11<$D$10,H11+1,"") -> 45785 | I12: =TEXT(H12,"DDD") -> Thu | J12: =IFERROR(VLOOKUP(H12,Sheet1!$A:$B,2,0),"") | M12: =IFERROR(IF(K12=0,"",K12/L12),"") | P12: =IFERROR(IF(N12=0,"",N12/O12),"") | S12: =IFERROR(IF(Q12=0,"",Q12/R12),"") | U12: =K12+N12+Q12 -> 0 | V12: =L12+O12+R12 -> 0 | W12: =IFERROR(U12/V12,"0") -> 0 | X12: =U12-T12 -> 0 | Y12: =IFERROR(U12/T12,"0") -> 0
G13: 9 | H13: =IF(H12<$D$10,H12+1,"") -> 45786 | I13: =TEXT(H13,"DDD") -> Fri | J13: =IFERROR(VLOOKUP(H13,Sheet1!$A:$B,2,0),"") | M13: =IFERROR(IF(K13=0,"",K13/L13),"") | P13: =IFERROR(IF(N13=0,"",N13/O13),"") | S13: =IFERROR(IF(Q13=0,"",Q13/R13),"") | U13: =K13+N13+Q13 -> 0 | V13: =L13+O13+R13 -> 0 | W13: =IFERROR(U13/V13,"0") -> 0 | X13: =U13-T13 -> 0 | Y13: =IFERROR(U13/T13,"0") -> 0
C14: Total Sat | D14: =COUNTIF(I5:I35,"Sat") -> 5 | G14: 10 | H14: =IF(H13<$D$10,H13+1,"") -> 45787 | I14: =TEXT(H14,"DDD") -> Sat | J14: =IFERROR(VLOOKUP(H14,Sheet1!$A:$B,2,0),"") | M14: =IFERROR(IF(K14=0,"",K14/L14),"") | P14: =IFERROR(IF(N14=0,"",N14/O14),"") | S14: =IFERROR(IF(Q14=0,"",Q14/R14),"") | U14: =K14+N14+Q14 -> 0 | V14: =L14+O14+R14 -> 0 | W14: =IFERROR(U14/V14,"0") -> 0 | X14: =U14-T14 -> 0 | Y14: =IFERROR(U14/T14,"0") -> 0
C15: Total Sun | D15: =COUNTIF(I5:I35,"Sun") -> 4 | G15: 11 | H15: =IF(H14<$D$10,H14+1,"") -> 45788 | I15: =TEXT(H15,"DDD") -> Sun | J15: =IFERROR(VLOOKUP(H15,Sheet1!$A:$B,2,0),"") | M15: =IFERROR(IF(K15=0,"",K15/L15),"") | P15: =IFERROR(IF(N15=0,"",N15/O15),"") | S15: =IFERROR(IF(Q15=0,"",Q15/R15),"") | U15: =K15+N15+Q15 -> 0 | V15: =L15+O15+R15 -> 0 | W15: =IFERROR(U15/V15,"0") -> 0 | X15: =U15-T15 -> 0 | Y15: =IFERROR(U15/T15,"0") -> 0
G16: 12 | H16: =IF(H15<$D$10,H15+1,"") -> 45789 | I16: =TEXT(H16,"DDD") -> Mon | J16: =IFERROR(VLOOKUP(H16,Sheet1!$A:$B,2,0),"") | M16: =IFERROR(IF(K16=0,"",K16/L16),"") | P16: =IFERROR(IF(N16=0,"",N16/O16),"") | S16: =IFERROR(IF(Q16=0,"",Q16/R16),"") | U16: =K16+N16+Q16 -> 0 | V16: =L16+O16+R16 -> 0 | W16: =IFERROR(U16/V16,"0") -> 0 | X16: =U16-T16 -> 0 | Y16: =IFERROR(U16/T16,"0") -> 0
C17: Highest Sale for the month | D17: =MAX(U5:U35) -> 0 | G17: 13 | H17: =IF(H16<$D$10,H16+1,"") -> 45790 | I17: =TEXT(H17,"DDD") -> Tue | J17: =IFERROR(VLOOKUP(H17,Sheet1!$A:$B,2,0),"") | M17: =IFERROR(IF(K17=0,"",K17/L17),"") | P17: =IFERROR(IF(N17=0,"",N17/O17),"") | S17: =IFERROR(IF(Q17=0,"",Q17/R17),"") | U17: =K17+N17+Q17 -> 0 | V17: =L17+O17+R17 -> 0 | W17: =IFERROR(U17/V17,"0") -> 0 | X17: =U17-T17 -> 0 | Y17: =IFERROR(U17/T17,"0") -> 0
G18: 14 | H18: =IF(H17<$D$10,H17+1,"") -> 45791 | I18: =TEXT(H18,"DDD") -> Wed | J18: =IFERROR(VLOOKUP(H18,Sheet1!$A:$B,2,0),"") | M18: =IFERROR(IF(K18=0,"",K18/L18),"") | P18: =IFERROR(IF(N18=0,"",N18/O18),"") | S18: =IFERROR(IF(Q18=0,"",Q18/R18),"") | U18: =K18+N18+Q18 -> 0 | V18: =L18+O18+R18 -> 0 | W18: =IFERROR(U18/V18,"0") -> 0 | X18: =U18-T18 -> 0 | Y18: =IFERROR(U18/T18,"0") -> 0
G19: 15 | H19: =IF(H18<$D$10,H18+1,"") -> 45792 | I19: =TEXT(H19,"DDD") -> Thu | J19: =IFERROR(VLOOKUP(H19,Sheet1!$A:$B,2,0),"") | M19: =IFERROR(IF(K19=0,"",K19/L19),"") | P19: =IFERROR(IF(N19=0,"",N19/O19),"") | S19: =IFERROR(IF(Q19=0,"",Q19/R19),"") | U19: =K19+N19+Q19 -> 0 | V19: =L19+O19+R19 -> 0 | W19: =IFERROR(U19/V19,"0") -> 0 | X19: =U19-T19 -> 0 | Y19: =IFERROR(U19/T19,"0") -> 0
C20: Lowest Sale for the month | D20: =MIN(U8:U38) -> 0 | G20: 16 | H20: =IF(H19<$D$10,H19+1,"") -> 45793 | I20: =TEXT(H20,"DDD") -> Fri | J20: =IFERROR(VLOOKUP(H20,Sheet1!$A:$B,2,0),"") | M20: =IFERROR(IF(K20=0,"",K20/L20),"") | P20: =IFERROR(IF(N20=0,"",N20/O20),"") | S20: =IFERROR(IF(Q20=0,"",Q20/R20),"") | U20: =K20+N20+Q20 -> 0 | V20: =L20+O20+R20 -> 0 | W20: =IFERROR(U20/V20,"0") -> 0 | X20: =U20-T20 -> 0 | Y20: =IFERROR(U20/T20,"0") -> 0
G21: 17 | H21: =IF(H20<$D$10,H20+1,"") -> 45794 | I21: =TEXT(H21,"DDD") -> Sat | J21: =IFERROR(VLOOKUP(H21,Sheet1!$A:$B,2,0),"") | M21: =IFERROR(IF(K21=0,"",K21/L21),"") | P21: =IFERROR(IF(N21=0,"",N21/O21),"") | S21: =IFERROR(IF(Q21=0,"",Q21/R21),"") | U21: =K21+N21+Q21 -> 0 | V21: =L21+O21+R21 -> 0 | W21: =IFERROR(U21/V21,"0") -> 0 | X21: =U21-T21 -> 0 | Y21: =IFERROR(U21/T21,"0") -> 0
G22: 18 | H22: =IF(H21<$D$10,H21+1,"") -> 45795 | I22: =TEXT(H22,"DDD") -> Sun | J22: =IFERROR(VLOOKUP(H22,Sheet1!$A:$B,2,0),"") | M22: =IFERROR(IF(K22=0,"",K22/L22),"") | P22: =IFERROR(IF(N22=0,"",N22/O22),"") | S22: =IFERROR(IF(Q22=0,"",Q22/R22),"") | U22: =K22+N22+Q22 -> 0 | V22: =L22+O22+R22 -> 0 | W22: =IFERROR(U22/V22,"0") -> 0 | X22: =U22-T22 -> 0 | Y22: =IFERROR(U22/T22,"0") -> 0
C23: Target Achieved | D23: =IF(U36>T36,"Yes","No") -> No | G23: 19 | H23: =IF(H22<$D$10,H22+1,"") -> 45796 | I23: =TEXT(H23,"DDD") -> Mon | J23: =IFERROR(VLOOKUP(H23,Sheet1!$A:$B,2,0),"") | M23: =IFERROR(IF(K23=0,"",K23/L23),"") | P23: =IFERROR(IF(N23=0,"",N23/O23),"") | S23: =IFERROR(IF(Q23=0,"",Q23/R23),"") | U23: =K23+N23+Q23 -> 0 | V23: =L23+O23+R23 -> 0 | W23: =IFERROR(U23/V23,"0") -> 0 | X23: =U23-T23 -> 0 | Y23: =IFERROR(U23/T23,"0") -> 0
G24: 20 | H24: =IF(H23<$D$10,H23+1,"") -> 45797 | I24: =TEXT(H24,"DDD") -> Tue | J24: =IFERROR(VLOOKUP(H24,Sheet1!$A:$B,2,0),"") | M24: =IFERROR(IF(K24=0,"",K24/L24),"") | P24: =IFERROR(IF(N24=0,"",N24/O24),"") | S24: =IFERROR(IF(Q24=0,"",Q24/R24),"") | U24: =K24+N24+Q24 -> 0 | V24: =L24+O24+R24 -> 0 | W24: =IFERROR(U24/V24,"0") -> 0 | X24: =U24-T24 -> 0 | Y24: =IFERROR(U24/T24,"0") -> 0
C25: Sales Till Date | D25: =U36 -> 0 | G25: 21 | H25: =IF(H24<$D$10,H24+1,"") -> 45798 | I25: =TEXT(H25,"DDD") -> Wed | J25: =IFERROR(VLOOKUP(H25,Sheet1!$A:$B,2,0),"") | M25: =IFERROR(IF(K25=0,"",K25/L25),"") | P25: =IFERROR(IF(N25=0,"",N25/O25),"") | S25: =IFERROR(IF(Q25=0,"",Q25/R25),"") | U25: =K25+N25+Q25 -> 0 | V25: =L25+O25+R25 -> 0 | W25: =IFERROR(U25/V25,"0") -> 0 | X25: =U25-T25 -> 0 | Y25: =IFERROR(U25/T25,"0") -> 0
G26: 22 | H26: =IF(H25<$D$10,H25+1,"") -> 45799 | I26: =TEXT(H26,"DDD") -> Thu | J26: =IFERROR(VLOOKUP(H26,Sheet1!$A:$B,2,0),"") | M26: =IFERROR(IF(K26=0,"",K26/L26),"") | P26: =IFERROR(IF(N26=0,"",N26/O26),"") | S26: =IFERROR(IF(Q26=0,"",Q26/R26),"") | U26: =K26+N26+Q26 -> 0 | V26: =L26+O26+R26 -> 0 | W26: =IFERROR(U26/V26,"0") -> 0 | X26: =U26-T26 -> 0 | Y26: =IFERROR(U26/T26,"0") -> 0
C27: Average Sales | D27: =IFERROR(AVERAGE(U5:U35),"0") -> 0 | G27: 23 | H27: =IF(H26<$D$10,H26+1,"") -> 45800 | I27: =TEXT(H27,"DDD") -> Fri | J27: =IFERROR(VLOOKUP(H27,Sheet1!$A:$B,2,0),"") | M27: =IFERROR(IF(K27=0,"",K27/L27),"") | P27: =IFERROR(IF(N27=0,"",N27/O27),"") | S27: =IFERROR(IF(Q27=0,"",Q27/R27),"") | U27: =K27+N27+Q27 -> 0 | V27: =L27+O27+R27 -> 0 | W27: =IFERROR(U27/V27,"0") -> 0 | X27: =U27-T27 -> 0 | Y27: =IFERROR(U27/T27,"0") -> 0
C28: Dine in Sales | D28: =K36 -> 0 | G28: 24 | H28: =IF(H27<$D$10,H27+1,"") -> 45801 | I28: =TEXT(H28,"DDD") -> Sat | J28: =IFERROR(VLOOKUP(H28,Sheet1!$A:$B,2,0),"") | M28: =IFERROR(IF(K28=0,"",K28/L28),"") | P28: =IFERROR(IF(N28=0,"",N28/O28),"") | S28: =IFERROR(IF(Q28=0,"",Q28/R28),"") | U28: =K28+N28+Q28 -> 0 | V28: =L28+O28+R28 -> 0 | W28: =IFERROR(U28/V28,"0") -> 0 | X28: =U28-T28 -> 0 | Y28: =IFERROR(U28/T28,"0") -> 0
C29: Takeaway Sales | D29: =N36 -> 0 | G29: 25 | H29: =IF(H28<$D$10,H28+1,"") -> 45802 | I29: =TEXT(H29,"DDD") -> Sun | J29: =IFERROR(VLOOKUP(H29,Sheet1!$A:$B,2,0),"") | M29: =IFERROR(IF(K29=0,"",K29/L29),"") | P29: =IFERROR(IF(N29=0,"",N29/O29),"") | S29: =IFERROR(IF(Q29=0,"",Q29/R29),"") | U29: =K29+N29+Q29 -> 0 | V29: =L29+O29+R29 -> 0 | W29: =IFERROR(U29/V29,"0") -> 0 | X29: =U29-T29 -> 0 | Y29: =IFERROR(U29/T29,"0") -> 0
C30: Delivery Sales | D30: =Q36 -> 0 | G30: 26 | H30: =IF(H29<$D$10,H29+1,"") -> 45803 | I30: =TEXT(H30,"DDD") -> Mon | J30: =IFERROR(VLOOKUP(H30,Sheet1!$A:$B,2,0),"") | M30: =IFERROR(IF(K30=0,"",K30/L30),"") | P30: =IFERROR(IF(N30=0,"",N30/O30),"") | S30: =IFERROR(IF(Q30=0,"",Q30/R30),"") | U30: =K30+N30+Q30 -> 0 | V30: =L30+O30+R30 -> 0 | W30: =IFERROR(U30/V30,"0") -> 0 | X30: =U30-T30 -> 0 | Y30: =IFERROR(U30/T30,"0") -> 0
G31: 27 | H31: =IF(H30<$D$10,H30+1,"") -> 45804 | I31: =TEXT(H31,"DDD") -> Tue | J31: =IFERROR(VLOOKUP(H31,Sheet1!$A:$B,2,0),"") | M31: =IFERROR(IF(K31=0,"",K31/L31),"") | P31: =IFERROR(IF(N31=0,"",N31/O31),"") | S31: =IFERROR(IF(Q31=0,"",Q31/R31),"") | U31: =K31+N31+Q31 -> 0 | V31: =L31+O31+R31 -> 0 | W31: =IFERROR(U31/V31,"0") -> 0 | X31: =U31-T31 -> 0 | Y31: =IFERROR(U31/T31,"0") -> 0
C32: Total Sales | D32: =SUM(D28:D30) -> 0 | G32: 28 | H32: =IF(H31<$D$10,H31+1,"") -> 45805 | I32: =TEXT(H32,"DDD") -> Wed | J32: =IFERROR(VLOOKUP(H32,Sheet1!$A:$B,2,0),"") | M32: =IFERROR(IF(K32=0,"",K32/L32),"") | P32: =IFERROR(IF(N32=0,"",N32/O32),"") | S32: =IFERROR(IF(Q32=0,"",Q32/R32),"") | U32: =K32+N32+Q32 -> 0 | V32: =L32+O32+R32 -> 0 | W32: =IFERROR(U32/V32,"0") -> 0 | X32: =U32-T32 -> 0 | Y32: =IFERROR(U32/T32,"0") -> 0
C33: Last year sales | D33: 5000 | G33: 29 | H33: =IF(H32<$D$10,H32+1,"") -> 45806 | I33: =TEXT(H33,"DDD") -> Thu | J33: =IFERROR(VLOOKUP(H33,Sheet1!$A:$B,2,0),"") | M33: =IFERROR(IF(K33=0,"",K33/L33),"") | P33: =IFERROR(IF(N33=0,"",N33/O33),"") | S33: =IFERROR(IF(Q33=0,"",Q33/R33),"") | U33: =K33+N33+Q33 -> 0 | V33: =L33+O33+R33 -> 0 | W33: =IFERROR(U33/V33,"0") -> 0 | X33: =U33-T33 -> 0 | Y33: =IFERROR(U33/T33,"0") -> 0
C34: Growth | D34: =D32-D33 -> -5000 | G34: 30 | H34: =IF(H33<$D$10,H33+1,"") -> 45807 | I34: =TEXT(H34,"DDD") -> Fri | J34: =IFERROR(VLOOKUP(H34,Sheet1!$A:$B,2,0),"") | M34: =IFERROR(IF(K34=0,"",K34/L34),"") | P34: =IFERROR(IF(N34=0,"",N34/O34),"") | S34: =IFERROR(IF(Q34=0,"",Q34/R34),"") | U34: =K34+N34+Q34 -> 0 | V34: =L34+O34+R34 -> 0 | W34: =IFERROR(U34/V34,"0") -> 0 | X34: =U34-T34 -> 0 | Y34: =IFERROR(U34/T34,"0") -> 0
C35: Growth % | D35: =IFERROR((D32-D33)/D33,"0") -> -1 | G35: 31 | H35: =IF(H34<$D$10,H34+1,"") -> 45808 | I35: =TEXT(H35,"DDD") -> Sat | J35: =IFERROR(VLOOKUP(H35,Sheet1!$A:$B,2,0),"") | M35: =IFERROR(IF(K35=0,"",K35/L35),"") | P35: =IFERROR(IF(N35=0,"",N35/O35),"") | S35: =IFERROR(IF(Q35=0,"",Q35/R35),"") | U35: =K35+N35+Q35 -> 0 | V35: =L35+O35+R35 -> 0 | W35: =IFERROR(U35/V35,"0") -> 0 | X35: =U35-T35 -> 0 | Y35: =IFERROR(U35/T35,"0") -> 0
G36: Total | K36: =SUM(K5:K35) -> 0 | L36: =SUM(L5:L35) -> 0 | M36: =IFERROR(K36/L36,"0") -> 0 | N36: =SUM(N5:N35) -> 0 | O36: =SUM(O5:O35) -> 0 | P36: =IFERROR(N36/O36,"0") -> 0 | Q36: =SUM(Q5:Q35) -> 0 | R36: =SUM(R5:R35) -> 0 | S36: =IFERROR(Q36/R36,"0") -> 0 | T36: =SUM(T5:T35) -> 0 | U36: =SUM(U5:U35) -> 0 | V36: =SUM(V5:V35) -> 0 | W36: =IFERROR(U36/V36,"0") -> 0 | X36: =SUM(X5:X35) -> 0 | Y36: =SUM(Y5:Y35) -> 0

Sheet Jun
B2: Summary
G3: Daily Sales Report | T3: Consolidated
C4: Month | D4: Jun | G4: Sr No. | H4: Date | I4: Day | J4: Holidays | K4: Dine in Sales | L4: Dine in Tkts. | M4: APC/APT(Avg. /Transaction) | N4: TA Sales | O4: TA Tkts. | P4: APC/APT(Avg. /Transaction) | Q4: Delivery Sales | R4: Delivery Tkts. | S4: APC/APT(Avg. /Transaction) | T4: Target Sales | U4: Total Sales | V4: Total Tkts. | W4: APC/APT | X4: Target vs Acheived | Y4: %
G5: 1 | H5: =D8 -> 45809 | I5: =TEXT(H5,"DDD") -> Sun | J5: =IFERROR(VLOOKUP(H5,Sheet1!$A:$B,2,0),"") | M5: =IFERROR(IF(K5=0,"",K5/L5),"") | P5: =IFERROR(IF(N5=0,"",N5/O5),"") | S5: =IFERROR(IF(Q5=0,"",Q5/R5),"") | U5: =K5+N5+Q5 -> 0 | V5: =L5+O5+R5 -> 0 | W5: =IFERROR(U5/V5,"0") -> 0 | X5: =U5-T5 -> 0 | Y5: =IFERROR(U5/T5,"0") -> 0
C6: Year | D6: 2025 | G6: 2 | H6: =IF(H5<$D$10,H5+1,"") -> 45810 | I6: =TEXT(H6,"DDD") -> Mon | J6: =IFERROR(VLOOKUP(H6,Sheet1!$A:$B,2,0),"") | M6: =IFERROR(IF(K6=0,"",K6/L6),"") | P6: =IFERROR(IF(N6=0,"",N6/O6),"") | S6: =IFERROR(IF(Q6=0,"",Q6/R6),"") | U6: =K6+N6+Q6 -> 0 | V6: =L6+O6+R6 -> 0 | W6: =IFERROR(U6/V6,"0") -> 0 | X6: =U6-T6 -> 0 | Y6: =IFERROR(U6/T6,"0") -> 0
G7: 3 | H7: =IF(H6<$D$10,H6+1,"") -> 45811 | I7: =TEXT(H7,"DDD") -> Tue | J7: =IFERROR(VLOOKUP(H7,Sheet1!$A:$B,2,0),"") | M7: =IFERROR(IF(K7=0,"",K7/L7),"") | P7: =IFERROR(IF(N7=0,"",N7/O7),"") | S7: =IFERROR(IF(Q7=0,"",Q7/R7),"") | U7: =K7+N7+Q7 -> 0 | V7: =L7+O7+R7 -> 0 | W7: =IFERROR(U7/V7,"0") -> 0 | X7: =U7-T7 -> 0 | Y7: =IFERROR(U7/T7,"0") -> 0
C8: Start Date | D8: =DATEVALUE("01"&D4&D6) -> 45809 | G8: 4 | H8: =IF(H7<$D$10,H7+1,"") -> 45812 | I8: =TEXT(H8,"DDD") -> Wed | J8: =IFERROR(VLOOKUP(H8,Sheet1!$A:$B,2,0),"") | M8: =IFERROR(IF(K8=0,"",K8/L8),"") | P8: =IFERROR(IF(N8=0,"",N8/O8),"") | S8: =IFERROR(IF(Q8=0,"",Q8/R8),"") | U8: =K8+N8+Q8 -> 0 | V8: =L8+O8+R8 -> 0 | W8: =IFERROR(U8/V8,"0") -> 0 | X8: =U8-T8 -> 0 | Y8: =IFERROR(U8/T8,"0") -> 0
G9: 5 | H9: =IF(H8<$D$10,H8+1,"") -> 45813 | I9: =TEXT(H9,"DDD") -> Thu | J9: =IFERROR(VLOOKUP(H9,Sheet1!$A:$B,2,0),"") | M9: =IFERROR(IF(K9=0,"",K9/L9),"") | P9: =IFERROR(IF(N9=0,"",N9/O9),"") | S9: =IFERROR(IF(Q9=0,"",Q9/R9),"") | U9: =K9+N9+Q9 -> 0 | V9: =L9+O9+R9 -> 0 | W9: =IFERROR(U9/V9,"0") -> 0 | X9: =U9-T9 -> 0 | Y9: =IFERROR(U9/T9,"0") -> 0
C10: End Date | D10: =EOMONTH(D8,0) -> 45838 | G10: 6 | H10: =IF(H9<$D$10,H9+1,"") -> 45814 | I10: =TEXT(H10,"DDD") -> Fri | J10: =IFERROR(VLOOKUP(H10,Sheet1!$A:$B,2,0),"") | M10: =IFERROR(IF(K10=0,"",K10/L10),"") | P10: =IFERROR(IF(N10=0,"",N10/O10),"") | S10: =IFERROR(IF(Q10=0,"",Q10/R10),"") | U10: =K10+N10+Q10 -> 0 | V10: =L10+O10+R10 -> 0 | W10: =IFERROR(U10/V10,"0") -> 0 | X10: =U10-T10 -> 0 | Y10: =IFERROR(U10/T10,"0") -> 0
G11: 7 | H11: =IF(H10<$D$10,H10+1,"") -> 45815 | I11: =TEXT(H11,"DDD") -> Sat | J11: =IFERROR(VLOOKUP(H11,Sheet1!$A:$B,2,0),"") | M11: =IFERROR(IF(K11=0,"",K11/L11),"") | P11: =IFERROR(IF(N11=0,"",N11/O11),"") | S11: =IFERROR(IF(Q11=0,"",Q11/R11),"") | U11: =K11+N11+Q11 -> 0 | V11: =L11+O11+R11 -> 0 | W11: =IFERROR(U11/V11,"0") -> 0 | X11: =U11-T11 -> 0 | Y11: =IFERROR(U11/T11,"0") -> 0
C12: Total Days | D12: =COUNT(H5:H35) -> 30 | G12: 8 | H12: =IF(H11<$D$10,H11+1,"") -> 45816 | I12: =TEXT(H12,"DDD") -> Sun | J12: =IFERROR(VLOOKUP(H12,Sheet1!$A:$B,2,0),"") | M12: =IFERROR(IF(K12=0,"",K12/L12),"") | P12: =IFERROR(IF(N12=0,"",N12/O12),"") | S12: =IFERROR(IF(Q12=0,"",Q12/R12),"") | U12: =K12+N12+Q12 -> 0 | V12: =L12+O12+R12 -> 0 | W12: =IFERROR(U12/V12,"0") -> 0 | X12: =U12-T12 -> 0 | Y12: =IFERROR(U12/T12,"0") -> 0
G13: 9 | H13: =IF(H12<$D$10,H12+1,"") -> 45817 | I13: =TEXT(H13,"DDD") -> Mon | J13: =IFERROR(VLOOKUP(H13,Sheet1!$A:$B,2,0),"") | M13: =IFERROR(IF(K13=0,"",K13/L13),"") | P13: =IFERROR(IF(N13=0,"",N13/O13),"") | S13: =IFERROR(IF(Q13=0,"",Q13/R13),"") | U13: =K13+N13+Q13 -> 0 | V13: =L13+O13+R13 -> 0 | W13: =IFERROR(U13/V13,"0") -> 0 | X13: =U13-T13 -> 0 | Y13: =IFERROR(U13/T13,"0") -> 0
C14: Total Sat | D14: =COUNTIF(I5:I35,"Sat") -> 4 | G14: 10 | H14: =IF(H13<$D$10,H13+1,"") -> 45818 | I14: =TEXT(H14,"DDD") -> Tue | J14: =IFERROR(VLOOKUP(H14,Sheet1!$A:$B,2,0),"") | M14: =IFERROR(IF(K14=0,"",K14/L14),"") | P14: =IFERROR(IF(N14=0,"",N14/O14),"") | S14: =IFERROR(IF(Q14=0,"",Q14/R14),"") | U14: =K14+N14+Q14 -> 0 | V14: =L14+O14+R14 -> 0 | W14: =IFERROR(U14/V14,"0") -> 0 | X14: =U14-T14 -> 0 | Y14: =IFERROR(U14/T14,"0") -> 0
C15: Total Sun | D15: =COUNTIF(I5:I35,"Sun") -> 5 | G15: 11 | H15: =IF(H14<$D$10,H14+1,"") -> 45819 | I15: =TEXT(H15,"DDD") -> Wed | J15: =IFERROR(VLOOKUP(H15,Sheet1!$A:$B,2,0),"") | M15: =IFERROR(IF(K15=0,"",K15/L15),"") | P15: =IFERROR(IF(N15=0,"",N15/O15),"") | S15: =IFERROR(IF(Q15=0,"",Q15/R15),"") | U15: =K15+N15+Q15 -> 0 | V15: =L15+O15+R15 -> 0 | W15: =IFERROR(U15/V15,"0") -> 0 | X15: =U15-T15 -> 0 | Y15: =IFERROR(U15/T15,"0") -> 0
G16: 12 | H16: =IF(H15<$D$10,H15+1,"") -> 45820 | I16: =TEXT(H16,"DDD") -> Thu | J16: =IFERROR(VLOOKUP(H16,Sheet1!$A:$B,2,0),"") | M16: =IFERROR(IF(K16=0,"",K16/L16),"") | P16: =IFERROR(IF(N16=0,"",N16/O16),"") | S16: =IFERROR(IF(Q16=0,"",Q16/R16),"") | U16: =K16+N16+Q16 -> 0 | V16: =L16+O16+R16 -> 0 | W16: =IFERROR(U16/V16,"0") -> 0 | X16: =U16-T16 -> 0 | Y16: =IFERROR(U16/T16,"0") -> 0
C17: Highest Sale for the month | D17: =MAX(U5:U35) -> 0 | G17: 13 | H17: =IF(H16<$D$10,H16+1,"") -> 45821 | I17: =TEXT(H17,"DDD") -> Fri | J17: =IFERROR(VLOOKUP(H17,Sheet1!$A:$B,2,0),"") | M17: =IFERROR(IF(K17=0,"",K17/L17),"") | P17: =IFERROR(IF(N17=0,"",N17/O17),"") | S17: =IFERROR(IF(Q17=0,"",Q17/R17),"") | U17: =K17+N17+Q17 -> 0 | V17: =L17+O17+R17 -> 0 | W17: =IFERROR(U17/V17,"0") -> 0 | X17: =U17-T17 -> 0 | Y17: =IFERROR(U17/T17,"0") -> 0
G18: 14 | H18: =IF(H17<$D$10,H17+1,"") -> 45822 | I18: =TEXT(H18,"DDD") -> Sat | J18: =IFERROR(VLOOKUP(H18,Sheet1!$A:$B,2,0),"") | M18: =IFERROR(IF(K18=0,"",K18/L18),"") | P18: =IFERROR(IF(N18=0,"",N18/O18),"") | S18: =IFERROR(IF(Q18=0,"",Q18/R18),"") | U18: =K18+N18+Q18 -> 0 | V18: =L18+O18+R18 -> 0 | W18: =IFERROR(U18/V18,"0") -> 0 | X18: =U18-T18 -> 0 | Y18: =IFERROR(U18/T18,"0") -> 0
G19: 15 | H19: =IF(H18<$D$10,H18+1,"") -> 45823 | I19: =TEXT(H19,"DDD") -> Sun | J19: =IFERROR(VLOOKUP(H19,Sheet1!$A:$B,2,0),"") | M19: =IFERROR(IF(K19=0,"",K19/L19),"") | P19: =IFERROR(IF(N19=0,"",N19/O19),"") | S19: =IFERROR(IF(Q19=0,"",Q19/R19),"") | U19: =K19+N19+Q19 -> 0 | V19: =L19+O19+R19 -> 0 | W19: =IFERROR(U19/V19,"0") -> 0 | X19: =U19-T19 -> 0 | Y19: =IFERROR(U19/T19,"0") -> 0
C20: Lowest Sale for the month | D20: =MIN(U8:U38) -> 0 | G20: 16 | H20: =IF(H19<$D$10,H19+1,"") -> 45824 | I20: =TEXT(H20,"DDD") -> Mon | J20: =IFERROR(VLOOKUP(H20,Sheet1!$A:$B,2,0),"") | M20: =IFERROR(IF(K20=0,"",K20/L20),"") | P20: =IFERROR(IF(N20=0,"",N20/O20),"") | S20: =IFERROR(IF(Q20=0,"",Q20/R20),"") | U20: =K20+N20+Q20 -> 0 | V20: =L20+O20+R20 -> 0 | W20: =IFERROR(U20/V20,"0") -> 0 | X20: =U20-T20 -> 0 | Y20: =IFERROR(U20/T20,"0") -> 0
G21: 17 | H21: =IF(H20<$D$10,H20+1,"") -> 45825 | I21: =TEXT(H21,"DDD") -> Tue | J21: =IFERROR(VLOOKUP(H21,Sheet1!$A:$B,2,0),"") | M21: =IFERROR(IF(K21=0,"",K21/L21),"") | P21: =IFERROR(IF(N21=0,"",N21/O21),"") | S21: =IFERROR(IF(Q21=0,"",Q21/R21),"") | U21: =K21+N21+Q21 -> 0 | V21: =L21+O21+R21 -> 0 | W21: =IFERROR(U21/V21,"0") -> 0 | X21: =U21-T21 -> 0 | Y21: =IFERROR(U21/T21,"0") -> 0
G22: 18 | H22: =IF(H21<$D$10,H21+1,"") -> 45826 | I22: =TEXT(H22,"DDD") -> Wed | J22: =IFERROR(VLOOKUP(H22,Sheet1!$A:$B,2,0),"") | M22: =IFERROR(IF(K22=0,"",K22/L22),"") | P22: =IFERROR(IF(N22=0,"",N22/O22),"") | S22: =IFERROR(IF(Q22=0,"",Q22/R22),"") | U22: =K22+N22+Q22 -> 0 | V22: =L22+O22+R22 -> 0 | W22: =IFERROR(U22/V22,"0") -> 0 | X22: =U22-T22 -> 0 | Y22: =IFERROR(U22/T22,"0") -> 0
C23: Target Achieved | D23: =IF(U36>T36,"Yes","No") -> No | G23: 19 | H23: =IF(H22<$D$10,H22+1,"") -> 45827 | I23: =TEXT(H23,"DDD") -> Thu | J23: =IFERROR(VLOOKUP(H23,Sheet1!$A:$B,2,0),"") | M23: =IFERROR(IF(K23=0,"",K23/L23),"") | P23: =IFERROR(IF(N23=0,"",N23/O23),"") | S23: =IFERROR(IF(Q23=0,"",Q23/R23),"") | U23: =K23+N23+Q23 -> 0 | V23: =L23+O23+R23 -> 0 | W23: =IFERROR(U23/V23,"0") -> 0 | X23: =U23-T23 -> 0 | Y23: =IFERROR(U23/T23,"0") -> 0
G24: 20 | H24: =IF(H23<$D$10,H23+1,"") -> 45828 | I24: =TEXT(H24,"DDD") -> Fri | J24: =IFERROR(VLOOKUP(H24,Sheet1!$A:$B,2,0),"") | M24: =IFERROR(IF(K24=0,"",K24/L24),"") | P24: =IFERROR(IF(N24=0,"",N24/O24),"") | S24: =IFERROR(IF(Q24=0,"",Q24/R24),"") | U24: =K24+N24+Q24 -> 0 | V24: =L24+O24+R24 -> 0 | W24: =IFERROR(U24/V24,"0") -> 0 | X24: =U24-T24 -> 0 | Y24: =IFERROR(U24/T24,"0") -> 0
C25: Sales Till Date | D25: =U36 -> 0 | G25: 21 | H25: =IF(H24<$D$10,H24+1,"") -> 45829 | I25: =TEXT(H25,"DDD") -> Sat | J25: =IFERROR(VLOOKUP(H25,Sheet1!$A:$B,2,0),"") | M25: =IFERROR(IF(K25=0,"",K25/L25),"") | P25: =IFERROR(IF(N25=0,"",N25/O25),"") | S25: =IFERROR(IF(Q25=0,"",Q25/R25),"") | U25: =K25+N25+Q25 -> 0 | V25: =L25+O25+R25 -> 0 | W25: =IFERROR(U25/V25,"0") -> 0 | X25: =U25-T25 -> 0 | Y25: =IFERROR(U25/T25,"0") -> 0
G26: 22 | H26: =IF(H25<$D$10,H25+1,"") -> 45830 | I26: =TEXT(H26,"DDD") -> Sun | J26: =IFERROR(VLOOKUP(H26,Sheet1!$A:$B,2,0),"") | M26: =IFERROR(IF(K26=0,"",K26/L26),"") | P26: =IFERROR(IF(N26=0,"",N26/O26),"") | S26: =IFERROR(IF(Q26=0,"",Q26/R26),"") | U26: =K26+N26+Q26 -> 0 | V26: =L26+O26+R26 -> 0 | W26: =IFERROR(U26/V26,"0") -> 0 | X26: =U26-T26 -> 0 | Y26: =IFERROR(U26/T26,"0") -> 0
C27: Average Sales | D27: =IFERROR(AVERAGE(U5:U35),"0") -> 0 | G27: 23 | H27: =IF(H26<$D$10,H26+1,"") -> 45831 | I27: =TEXT(H27,"DDD") -> Mon | J27: =IFERROR(VLOOKUP(H27,Sheet1!$A:$B,2,0),"") | M27: =IFERROR(IF(K27=0,"",K27/L27),"") | P27: =IFERROR(IF(N27=0,"",N27/O27),"") | S27: =IFERROR(IF(Q27=0,"",Q27/R27),"") | U27: =K27+N27+Q27 -> 0 | V27: =L27+O27+R27 -> 0 | W27: =IFERROR(U27/V27,"0") -> 0 | X27: =U27-T27 -> 0 | Y27: =IFERROR(U27/T27,"0") -> 0
C28: Dine in Sales | D28: =K36 -> 0 | G28: 24 | H28: =IF(H27<$D$10,H27+1,"") -> 45832 | I28: =TEXT(H28,"DDD") -> Tue | J28: =IFERROR(VLOOKUP(H28,Sheet1!$A:$B,2,0),"") | M28: =IFERROR(IF(K28=0,"",K28/L28),"") | P28: =IFERROR(IF(N28=0,"",N28/O28),"") | S28: =IFERROR(IF(Q28=0,"",Q28/R28),"") | U28: =K28+N28+Q28 -> 0 | V28: =L28+O28+R28 -> 0 | W28: =IFERROR(U28/V28,"0") -> 0 | X28: =U28-T28 -> 0 | Y28: =IFERROR(U28/T28,"0") -> 0
C29: Takeaway Sales | D29: =N36 -> 0 | G29: 25 | H29: =IF(H28<$D$10,H28+1,"") -> 45833 | I29: =TEXT(H29,"DDD") -> Wed | J29: =IFERROR(VLOOKUP(H29,Sheet1!$A:$B,2,0),"") | M29: =IFERROR(IF(K29=0,"",K29/L29),"") | P29: =IFERROR(IF(N29=0,"",N29/O29),"") | S29: =IFERROR(IF(Q29=0,"",Q29/R29),"") | U29: =K29+N29+Q29 -> 0 | V29: =L29+O29+R29 -> 0 | W29: =IFERROR(U29/V29,"0") -> 0 | X29: =U29-T29 -> 0 | Y29: =IFERROR(U29/T29,"0") -> 0
C30: Delivery Sales | D30: =Q36 -> 0 | G30: 26 | H30: =IF(H29<$D$10,H29+1,"") -> 45834 | I30: =TEXT(H30,"DDD") -> Thu | J30: =IFERROR(VLOOKUP(H30,Sheet1!$A:$B,2,0),"") | M30: =IFERROR(IF(K30=0,"",K30/L30),"") | P30: =IFERROR(IF(N30=0,"",N30/O30),"") | S30: =IFERROR(IF(Q30=0,"",Q30/R30),"") | U30: =K30+N30+Q30 -> 0 | V30: =L30+O30+R30 -> 0 | W30: =IFERROR(U30/V30,"0") -> 0 | X30: =U30-T30 -> 0 | Y30: =IFERROR(U30/T30,"0") -> 0
G31: 27 | H31: =IF(H30<$D$10,H30+1,"") -> 45835 | I31: =TEXT(H31,"DDD") -> Fri | J31: =IFERROR(VLOOKUP(H31,Sheet1!$A:$B,2,0),"") | M31: =IFERROR(IF(K31=0,"",K31/L31),"") | P31: =IFERROR(IF(N31=0,"",N31/O31),"") | S31: =IFERROR(IF(Q31=0,"",Q31/R31),"") | U31: =K31+N31+Q31 -> 0 | V31: =L31+O31+R31 -> 0 | W31: =IFERROR(U31/V31,"0") -> 0 | X31: =U31-T31 -> 0 | Y31: =IFERROR(U31/T31,"0") -> 0
C32: Total Sales | D32: =SUM(D28:D30) -> 0 | G32: 28 | H32: =IF(H31<$D$10,H31+1,"") -> 45836 | I32: =TEXT(H32,"DDD") -> Sat | J32: =IFERROR(VLOOKUP(H32,Sheet1!$A:$B,2,0),"") | M32: =IFERROR(IF(K32=0,"",K32/L32),"") | P32: =IFERROR(IF(N32=0,"",N32/O32),"") | S32: =IFERROR(IF(Q32=0,"",Q32/R32),"") | U32: =K32+N32+Q32 -> 0 | V32: =L32+O32+R32 -> 0 | W32: =IFERROR(U32/V32,"0") -> 0 | X32: =U32-T32 -> 0 | Y32: =IFERROR(U32/T32,"0") -> 0
C33: Last year sales | D33: 5000 | G33: 29 | H33: =IF(H32<$D$10,H32+1,"") -> 45837 | I33: =TEXT(H33,"DDD") -> Sun | J33: =IFERROR(VLOOKUP(H33,Sheet1!$A:$B,2,0),"") -> Bakrid | M33: =IFERROR(IF(K33=0,"",K33/L33),"") | P33: =IFERROR(IF(N33=0,"",N33/O33),"") | S33: =IFERROR(IF(Q33=0,"",Q33/R33),"") | U33: =K33+N33+Q33 -> 0 | V33: =L33+O33+R33 -> 0 | W33: =IFERROR(U33/V33,"0") -> 0 | X33: =U33-T33 -> 0 | Y33: =IFERROR(U33/T33,"0") -> 0
C34: Growth | D34: =D32-D33 -> -5000 | G34: 30 | H34: =IF(H33<$D$10,H33+1,"") -> 45838 | I34: =TEXT(H34,"DDD") -> Mon | J34: =IFERROR(VLOOKUP(H34,Sheet1!$A:$B,2,0),"") | M34: =IFERROR(IF(K34=0,"",K34/L34),"") | P34: =IFERROR(IF(N34=0,"",N34/O34),"") | S34: =IFERROR(IF(Q34=0,"",Q34/R34),"") | U34: =K34+N34+Q34 -> 0 | V34: =L34+O34+R34 -> 0 | W34: =IFERROR(U34/V34,"0") -> 0 | X34: =U34-T34 -> 0 | Y34: =IFERROR(U34/T34,"0") -> 0
C35: Growth % | D35: =IFERROR((D32-D33)/D33,"0") -> -1 | G35: 31 | H35: =IF(H34<$D$10,H34+1,"") | I35: =TEXT(H35,"DDD") | J35: =IFERROR(VLOOKUP(H35,Sheet1!$A:$B,2,0),"") | M35: =IFERROR(IF(K35=0,"",K35/L35),"") | P35: =IFERROR(IF(N35=0,"",N35/O35),"") | S35: =IFERROR(IF(Q35=0,"",Q35/R35),"") | U35: =K35+N35+Q35 -> 0 | V35: =L35+O35+R35 -> 0 | W35: =IFERROR(U35/V35,"0") -> 0 | X35: =U35-T35 -> 0 | Y35: =IFERROR(U35/T35,"0") -> 0
G36: Total | K36: =SUM(K5:K35) -> 0 | L36: =SUM(L5:L35) -> 0 | M36: =IFERROR(K36/L36,"0") -> 0 | N36: =SUM(N5:N35) -> 0 | O36: =SUM(O5:O35) -> 0 | P36: =IFERROR(N36/O36,"0") -> 0 | Q36: =SUM(Q5:Q35) -> 0 | R36: =SUM(R5:R35) -> 0 | S36: =IFERROR(Q36/R36,"0") -> 0 | T36: =SUM(T5:T35) -> 0 | U36: =SUM(U5:U35) -> 0 | V36: =SUM(V5:V35) -> 0 | W36: =IFERROR(U36/V36,"0") -> 0 | X36: =SUM(X5:X35) -> 0 | Y36: =SUM(Y5:Y35) -> 0

Sheet Jul
B2: Summary
G3: Daily Sales Report | T3: Consolidated
C4: Month | D4: Jul | G4: Sr No. | H4: Date | I4: Day | J4: Holidays | K4: Dine in Sales | L4: Dine in Tkts. | M4: APC/APT(Avg. /Transaction) | N4: TA Sales | O4: TA Tkts. | P4: APC/APT(Avg. /Transaction) | Q4: Delivery Sales | R4: Delivery Tkts. | S4: APC/APT(Avg. /Transaction) | T4: Target Sales | U4: Total Sales | V4: Total Tkts. | W4: APC/APT | X4: Target vs Acheived | Y4: %
G5: 1 | H5: =D8 -> 45839 | I5: =TEXT(H5,"DDD") -> Tue | J5: =IFERROR(VLOOKUP(H5,Sheet1!$A:$B,2,0),"") | M5: =IFERROR(IF(K5=0,"",K5/L5),"") | P5: =IFERROR(IF(N5=0,"",N5/O5),"") | S5: =IFERROR(IF(Q5=0,"",Q5/R5),"") | U5: =K5+N5+Q5 -> 0 | V5: =L5+O5+R5 -> 0 | W5: =IFERROR(U5/V5,"0") -> 0 | X5: =U5-T5 -> 0 | Y5: =IFERROR(U5/T5,"0") -> 0
C6: Year | D6: 2025 | G6: 2 | H6: =IF(H5<$D$10,H5+1,"") -> 45840 | I6: =TEXT(H6,"DDD") -> Wed | J6: =IFERROR(VLOOKUP(H6,Sheet1!$A:$B,2,0),"") | M6: =IFERROR(IF(K6=0,"",K6/L6),"") | P6: =IFERROR(IF(N6=0,"",N6/O6),"") | S6: =IFERROR(IF(Q6=0,"",Q6/R6),"") | U6: =K6+N6+Q6 -> 0 | V6: =L6+O6+R6 -> 0 | W6: =IFERROR(U6/V6,"0") -> 0 | X6: =U6-T6 -> 0 | Y6: =IFERROR(U6/T6,"0") -> 0
G7: 3 | H7: =IF(H6<$D$10,H6+1,"") -> 45841 | I7: =TEXT(H7,"DDD") -> Thu | J7: =IFERROR(VLOOKUP(H7,Sheet1!$A:$B,2,0),"") | M7: =IFERROR(IF(K7=0,"",K7/L7),"") | P7: =IFERROR(IF(N7=0,"",N7/O7),"") | S7: =IFERROR(IF(Q7=0,"",Q7/R7),"") | U7: =K7+N7+Q7 -> 0 | V7: =L7+O7+R7 -> 0 | W7: =IFERROR(U7/V7,"0") -> 0 | X7: =U7-T7 -> 0 | Y7: =IFERROR(U7/T7,"0") -> 0
C8: Start Date | D8: =DATEVALUE("01"&D4&D6) -> 45839 | G8: 4 | H8: =IF(H7<$D$10,H7+1,"") -> 45842 | I8: =TEXT(H8,"DDD") -> Fri | J8: =IFERROR(VLOOKUP(H8,Sheet1!$A:$B,2,0),"") | M8: =IFERROR(IF(K8=0,"",K8/L8),"") | P8: =IFERROR(IF(N8=0,"",N8/O8),"") | S8: =IFERROR(IF(Q8=0,"",Q8/R8),"") | U8: =K8+N8+Q8 -> 0 | V8: =L8+O8+R8 -> 0 | W8: =IFERROR(U8/V8,"0") -> 0 | X8: =U8-T8 -> 0 | Y8: =IFERROR(U8/T8,"0") -> 0
G9: 5 | H9: =IF(H8<$D$10,H8+1,"") -> 45843 | I9: =TEXT(H9,"DDD") -> Sat | J9: =IFERROR(VLOOKUP(H9,Sheet1!$A:$B,2,0),"") | M9: =IFERROR(IF(K9=0,"",K9/L9),"") | P9: =IFERROR(IF(N9=0,"",N9/O9),"") | S9: =IFERROR(IF(Q9=0,"",Q9/R9),"") | U9: =K9+N9+Q9 -> 0 | V9: =L9+O9+R9 -> 0 | W9: =IFERROR(U9/V9,"0") -> 0 | X9: =U9-T9 -> 0 | Y9: =IFERROR(U9/T9,"0") -> 0
C10: End Date | D10: =EOMONTH(D8,0) -> 45869 | G10: 6 | H10: =IF(H9<$D$10,H9+1,"") -> 45844 | I10: =TEXT(H10,"DDD") -> Sun | J10: =IFERROR(VLOOKUP(H10,Sheet1!$A:$B,2,0),"") | M10: =IFERROR(IF(K10=0,"",K10/L10),"") | P10: =IFERROR(IF(N10=0,"",N10/O10),"") | S10: =IFERROR(IF(Q10=0,"",Q10/R10),"") | U10: =K10+N10+Q10 -> 0 | V10: =L10+O10+R10 -> 0 | W10: =IFERROR(U10/V10,"0") -> 0 | X10: =U10-T10 -> 0 | Y10: =IFERROR(U10/T10,"0") -> 0
G11: 7 | H11: =IF(H10<$D$10,H10+1,"") -> 45845 | I11: =TEXT(H11,"DDD") -> Mon | J11: =IFERROR(VLOOKUP(H11,Sheet1!$A:$B,2,0),"") | M11: =IFERROR(IF(K11=0,"",K11/L11),"") | P11: =IFERROR(IF(N11=0,"",N11/O11),"") | S11: =IFERROR(IF(Q11=0,"",Q11/R11),"") | U11: =K11+N11+Q11 -> 0 | V11: =L11+O11+R11 -> 0 | W11: =IFERROR(U11/V11,"0") -> 0 | X11: =U11-T11 -> 0 | Y11: =IFERROR(U11/T11,"0") -> 0
C12: Total Days | D12: =COUNT(H5:H35) -> 31 | G12: 8 | H12: =IF(H11<$D$10,H11+1,"") -> 45846 | I12: =TEXT(H12,"DDD") -> Tue | J12: =IFERROR(VLOOKUP(H12,Sheet1!$A:$B,2,0),"") | M12: =IFERROR(IF(K12=0,"",K12/L12),"") | P12: =IFERROR(IF(N12=0,"",N12/O12),"") | S12: =IFERROR(IF(Q12=0,"",Q12/R12),"") | U12: =K12+N12+Q12 -> 0 | V12: =L12+O12+R12 -> 0 | W12: =IFERROR(U12/V12,"0") -> 0 | X12: =U12-T12 -> 0 | Y12: =IFERROR(U12/T12,"0") -> 0
G13: 9 | H13: =IF(H12<$D$10,H12+1,"") -> 45847 | I13: =TEXT(H13,"DDD") -> Wed | J13: =IFERROR(VLOOKUP(H13,Sheet1!$A:$B,2,0),"") | M13: =IFERROR(IF(K13=0,"",K13/L13),"") | P13: =IFERROR(IF(N13=0,"",N13/O13),"") | S13: =IFERROR(IF(Q13=0,"",Q13/R13),"") | U13: =K13+N13+Q13 -> 0 | V13: =L13+O13+R13 -> 0 | W13: =IFERROR(U13/V13,"0") -> 0 | X13: =U13-T13 -> 0 | Y13: =IFERROR(U13/T13,"0") -> 0
C14: Total Sat | D14: =COUNTIF(I5:I35,"Sat") -> 4 | G14: 10 | H14: =IF(H13<$D$10,H13+1,"") -> 45848 | I14: =TEXT(H14,"DDD") -> Thu | J14: =IFERROR(VLOOKUP(H14,Sheet1!$A:$B,2,0),"") | M14: =IFERROR(IF(K14=0,"",K14/L14),"") | P14: =IFERROR(IF(N14=0,"",N14/O14),"") | S14: =IFERROR(IF(Q14=0,"",Q14/R14),"") | U14: =K14+N14+Q14 -> 0 | V14: =L14+O14+R14 -> 0 | W14: =IFERROR(U14/V14,"0") -> 0 | X14: =U14-T14 -> 0 | Y14: =IFERROR(U14/T14,"0") -> 0
C15: Total Sun | D15: =COUNTIF(I5:I35,"Sun") -> 4 | G15: 11 | H15: =IF(H14<$D$10,H14+1,"") -> 45849 | I15: =TEXT(H15,"DDD") -> Fri | J15: =IFERROR(VLOOKUP(H15,Sheet1!$A:$B,2,0),"") | M15: =IFERROR(IF(K15=0,"",K15/L15),"") | P15: =IFERROR(IF(N15=0,"",N15/O15),"") | S15: =IFERROR(IF(Q15=0,"",Q15/R15),"") | U15: =K15+N15+Q15 -> 0 | V15: =L15+O15+R15 -> 0 | W15: =IFERROR(U15/V15,"0") -> 0 | X15: =U15-T15 -> 0 | Y15: =IFERROR(U15/T15,"0") -> 0
G16: 12 | H16: =IF(H15<$D$10,H15+1,"") -> 45850 | I16: =TEXT(H16,"DDD") -> Sat | J16: =IFERROR(VLOOKUP(H16,Sheet1!$A:$B,2,0),"") | M16: =IFERROR(IF(K16=0,"",K16/L16),"") | P16: =IFERROR(IF(N16=0,"",N16/O16),"") | S16: =IFERROR(IF(Q16=0,"",Q16/R16),"") | U16: =K16+N16+Q16 -> 0 | V16: =L16+O16+R16 -> 0 | W16: =IFERROR(U16/V16,"0") -> 0 | X16: =U16-T16 -> 0 | Y16: =IFERROR(U16/T16,"0") -> 0
C17: Highest Sale for the month | D17: =MAX(U5:U35) -> 0 | G17: 13 | H17: =IF(H16<$D$10,H16+1,"") -> 45851 | I17: =TEXT(H17,"DDD") -> Sun | J17: =IFERROR(VLOOKUP(H17,Sheet1!$A:$B,2,0),"") | M17: =IFERROR(IF(K17=0,"",K17/L17),"") | P17: =IFERROR(IF(N17=0,"",N17/O17),"") | S17: =IFERROR(IF(Q17=0,"",Q17/R17),"") | U17: =K17+N17+Q17 -> 0 | V17: =L17+O17+R17 -> 0 | W17: =IFERROR(U17/V17,"0") -> 0 | X17: =U17-T17 -> 0 | Y17: =IFERROR(U17/T17,"0") -> 0
G18: 14 | H18: =IF(H17<$D$10,H17+1,"") -> 45852 | I18: =TEXT(H18,"DDD") -> Mon | J18: =IFERROR(VLOOKUP(H18,Sheet1!$A:$B,2,0),"") | M18: =IFERROR(IF(K18=0,"",K18/L18),"") | P18: =IFERROR(IF(N18=0,"",N18/O18),"") | S18: =IFERROR(IF(Q18=0,"",Q18/R18),"") | U18: =K18+N18+Q18 -> 0 | V18: =L18+O18+R18 -> 0 | W18: =IFERROR(U18/V18,"0") -> 0 | X18: =U18-T18 -> 0 | Y18: =IFERROR(U18/T18,"0") -> 0
G19: 15 | H19: =IF(H18<$D$10,H18+1,"") -> 45853 | I19: =TEXT(H19,"DDD") -> Tue | J19: =IFERROR(VLOOKUP(H19,Sheet1!$A:$B,2,0),"") | M19: =IFERROR(IF(K19=0,"",K19/L19),"") | P19: =IFERROR(IF(N19=0,"",N19/O19),"") | S19: =IFERROR(IF(Q19=0,"",Q19/R19),"") | U19: =K19+N19+Q19 -> 0 | V19: =L19+O19+R19 -> 0 | W19: =IFERROR(U19/V19,"0") -> 0 | X19: =U19-T19 -> 0 | Y19: =IFERROR(U19/T19,"0") -> 0
C20: Lowest Sale for the month | D20: =MIN(U8:U38) -> 0 | G20: 16 | H20: =IF(H19<$D$10,H19+1,"") -> 45854 | I20: =TEXT(H20,"DDD") -> Wed | J20: =IFERROR(VLOOKUP(H20,Sheet1!$A:$B,2,0),"") | M20: =IFERROR(IF(K20=0,"",K20/L20),"") | P20: =IFERROR(IF(N20=0,"",N20/O20),"") | S20: =IFERROR(IF(Q20=0,"",Q20/R20),"") | U20: =K20+N20+Q20 -> 0 | V20: =L20+O20+R20 -> 0 | W20: =IFERROR(U20/V20,"0") -> 0 | X20: =U20-T20 -> 0 | Y20: =IFERROR(U20/T20,"0") -> 0
G21: 17 | H21: =IF(H20<$D$10,H20+1,"") -> 45855 | I21: =TEXT(H21,"DDD") -> Thu | J21: =IFERROR(VLOOKUP(H21,Sheet1!$A:$B,2,0),"") | M21: =IFERROR(IF(K21=0,"",K21/L21),"") | P21: =IFERROR(IF(N21=0,"",N21/O21),"") | S21: =IFERROR(IF(Q21=0,"",Q21/R21),"") | U21: =K21+N21+Q21 -> 0 | V21: =L21+O21+R21 -> 0 | W21: =IFERROR(U21/V21,"0") -> 0 | X21: =U21-T21 -> 0 | Y21: =IFERROR(U21/T21,"0") -> 0
G22: 18 | H22: =IF(H21<$D$10,H21+1,"") -> 45856 | I22: =TEXT(H22,"DDD") -> Fri | J22: =IFERROR(VLOOKUP(H22,Sheet1!$A:$B,2,0),"") | M22: =IFERROR(IF(K22=0,"",K22/L22),"") | P22: =IFERROR(IF(N22=0,"",N22/O22),"") | S22: =IFERROR(IF(Q22=0,"",Q22/R22),"") | U22: =K22+N22+Q22 -> 0 | V22: =L22+O22+R22 -> 0 | W22: =IFERROR(U22/V22,"0") -> 0 | X22: =U22-T22 -> 0 | Y22: =IFERROR(U22/T22,"0") -> 0
C23: Target Achieved | D23: =IF(U36>T36,"Yes","No") -> No | G23: 19 | H23: =IF(H22<$D$10,H22+1,"") -> 45857 | I23: =TEXT(H23,"DDD") -> Sat | J23: =IFERROR(VLOOKUP(H23,Sheet1!$A:$B,2,0),"") | M23: =IFERROR(IF(K23=0,"",K23/L23),"") | P23: =IFERROR(IF(N23=0,"",N23/O23),"") | S23: =IFERROR(IF(Q23=0,"",Q23/R23),"") | U23: =K23+N23+Q23 -> 0 | V23: =L23+O23+R23 -> 0 | W23: =IFERROR(U23/V23,"0") -> 0 | X23: =U23-T23 -> 0 | Y23: =IFERROR(U23/T23,"0") -> 0
G24: 20 | H24: =IF(H23<$D$10,H23+1,"") -> 45858 | I24: =TEXT(H24,"DDD") -> Sun | J24: =IFERROR(VLOOKUP(H24,Sheet1!$A:$B,2,0),"") | M24: =IFERROR(IF(K24=0,"",K24/L24),"") | P24: =IFERROR(IF(N24=0,"",N24/O24),"") | S24: =IFERROR(IF(Q24=0,"",Q24/R24),"") | U24: =K24+N24+Q24 -> 0 | V24: =L24+O24+R24 -> 0 | W24: =IFERROR(U24/V24,"0") -> 0 | X24: =U24-T24 -> 0 | Y24: =IFERROR(U24/T24,"0") -> 0
C25: Sales Till Date | D25: =U36 -> 0 | G25: 21 | H25: =IF(H24<$D$10,H24+1,"") -> 45859 | I25: =TEXT(H25,"DDD") -> Mon | J25: =IFERROR(VLOOKUP(H25,Sheet1!$A:$B,2,0),"") | M25: =IFERROR(IF(K25=0,"",K25/L25),"") | P25: =IFERROR(IF(N25=0,"",N25/O25),"") | S25: =IFERROR(IF(Q25=0,"",Q25/R25),"") | U25: =K25+N25+Q25 -> 0 | V25: =L25+O25+R25 -> 0 | W25: =IFERROR(U25/V25,"0") -> 0 | X25: =U25-T25 -> 0 | Y25: =IFERROR(U25/T25,"0") -> 0
G26: 22 | H26: =IF(H25<$D$10,H25+1,"") -> 45860 | I26: =TEXT(H26,"DDD") -> Tue | J26: =IFERROR(VLOOKUP(H26,Sheet1!$A:$B,2,0),"") | M26: =IFERROR(IF(K26=0,"",K26/L26),"") | P26: =IFERROR(IF(N26=0,"",N26/O26),"") | S26: =IFERROR(IF(Q26=0,"",Q26/R26),"") | U26: =K26+N26+Q26 -> 0 | V26: =L26+O26+R26 -> 0 | W26: =IFERROR(U26/V26,"0") -> 0 | X26: =U26-T26 -> 0 | Y26: =IFERROR(U26/T26,"0") -> 0
C27: Average Sales | D27: =IFERROR(AVERAGE(U5:U35),"0") -> 0 | G27: 23 | H27: =IF(H26<$D$10,H26+1,"") -> 45861 | I27: =TEXT(H27,"DDD") -> Wed | J27: =IFERROR(VLOOKUP(H27,Sheet1!$A:$B,2,0),"") | M27: =IFERROR(IF(K27=0,"",K27/L27),"") | P27: =IFERROR(IF(N27=0,"",N27/O27),"") | S27: =IFERROR(IF(Q27=0,"",Q27/R27),"") | U27: =K27+N27+Q27 -> 0 | V27: =L27+O27+R27 -> 0 | W27: =IFERROR(U27/V27,"0") -> 0 | X27: =U27-T27 -> 0 | Y27: =IFERROR(U27/T27,"0") -> 0
C28: Dine in Sales | D28: =K36 -> 0 | G28: 24 | H28: =IF(H27<$D$10,H27+1,"") -> 45862 | I28: =TEXT(H28,"DDD") -> Thu | J28: =IFERROR(VLOOKUP(H28,Sheet1!$A:$B,2,0),"") | M28: =IFERROR(IF(K28=0,"",K28/L28),"") | P28: =IFERROR(IF(N28=0,"",N28/O28),"") | S28: =IFERROR(IF(Q28=0,"",Q28/R28),"") | U28: =K28+N28+Q28 -> 0 | V28: =L28+O28+R28 -> 0 | W28: =IFERROR(U28/V28,"0") -> 0 | X28: =U28-T28 -> 0 | Y28: =IFERROR(U28/T28,"0") -> 0
C29: Takeaway Sales | D29: =N36 -> 0 | G29: 25 | H29: =IF(H28<$D$10,H28+1,"") -> 45863 | I29: =TEXT(H29,"DDD") -> Fri | J29: =IFERROR(VLOOKUP(H29,Sheet1!$A:$B,2,0),"") | M29: =IFERROR(IF(K29=0,"",K29/L29),"") | P29: =IFERROR(IF(N29=0,"",N29/O29),"") | S29: =IFERROR(IF(Q29=0,"",Q29/R29),"") | U29: =K29+N29+Q29 -> 0 | V29: =L29+O29+R29 -> 0 | W29: =IFERROR(U29/V29,"0") -> 0 | X29: =U29-T29 -> 0 | Y29: =IFERROR(U29/T29,"0") -> 0
C30: Delivery Sales | D30: =Q36 -> 0 | G30: 26 | H30: =IF(H29<$D$10,H29+1,"") -> 45864 | I30: =TEXT(H30,"DDD") -> Sat | J30: =IFERROR(VLOOKUP(H30,Sheet1!$A:$B,2,0),"") | M30: =IFERROR(IF(K30=0,"",K30/L30),"") | P30: =IFERROR(IF(N30=0,"",N30/O30),"") | S30: =IFERROR(IF(Q30=0,"",Q30/R30),"") | U30: =K30+N30+Q30 -> 0 | V30: =L30+O30+R30 -> 0 | W30: =IFERROR(U30/V30,"0") -> 0 | X30: =U30-T30 -> 0 | Y30: =IFERROR(U30/T30,"0") -> 0
G31: 27 | H31: =IF(H30<$D$10,H30+1,"") -> 45865 | I31: =TEXT(H31,"DDD") -> Sun | J31: =IFERROR(VLOOKUP(H31,Sheet1!$A:$B,2,0),"") | M31: =IFERROR(IF(K31=0,"",K31/L31),"") | P31: =IFERROR(IF(N31=0,"",N31/O31),"") | S31: =IFERROR(IF(Q31=0,"",Q31/R31),"") | U31: =K31+N31+Q31 -> 0 | V31: =L31+O31+R31 -> 0 | W31: =IFERROR(U31/V31,"0") -> 0 | X31: =U31-T31 -> 0 | Y31: =IFERROR(U31/T31,"0") -> 0
C32: Total Sales | D32: =SUM(D28:D30) -> 0 | G32: 28 | H32: =IF(H31<$D$10,H31+1,"") -> 45866 | I32: =TEXT(H32,"DDD") -> Mon | J32: =IFERROR(VLOOKUP(H32,Sheet1!$A:$B,2,0),"") | M32: =IFERROR(IF(K32=0,"",K32/L32),"") | P32: =IFERROR(IF(N32=0,"",N32/O32),"") | S32: =IFERROR(IF(Q32=0,"",Q32/R32),"") | U32: =K32+N32+Q32 -> 0 | V32: =L32+O32+R32 -> 0 | W32: =IFERROR(U32/V32,"0") -> 0 | X32: =U32-T32 -> 0 | Y32: =IFERROR(U32/T32,"0") -> 0
C33: Last year sales | D33: 5000 | G33: 29 | H33: =IF(H32<$D$10,H32+1,"") -> 45867 | I33: =TEXT(H33,"DDD") -> Tue | J33: =IFERROR(VLOOKUP(H33,Sheet1!$A:$B,2,0),"") -> Muharram | M33: =IFERROR(IF(K33=0,"",K33/L33),"") | P33: =IFERROR(IF(N33=0,"",N33/O33),"") | S33: =IFERROR(IF(Q33=0,"",Q33/R33),"") | U33: =K33+N33+Q33 -> 0 | V33: =L33+O33+R33 -> 0 | W33: =IFERROR(U33/V33,"0") -> 0 | X33: =U33-T33 -> 0 | Y33: =IFERROR(U33/T33,"0") -> 0
C34: Growth | D34: =D32-D33 -> -5000 | G34: 30 | H34: =IF(H33<$D$10,H33+1,"") -> 45868 | I34: =TEXT(H34,"DDD") -> Wed | J34: =IFERROR(VLOOKUP(H34,Sheet1!$A:$B,2,0),"") | M34: =IFERROR(IF(K34=0,"",K34/L34),"") | P34: =IFERROR(IF(N34=0,"",N34/O34),"") | S34: =IFERROR(IF(Q34=0,"",Q34/R34),"") | U34: =K34+N34+Q34 -> 0 | V34: =L34+O34+R34 -> 0 | W34: =IFERROR(U34/V34,"0") -> 0 | X34: =U34-T34 -> 0 | Y34: =IFERROR(U34/T34,"0") -> 0
C35: Growth % | D35: =IFERROR((D32-D33)/D33,"0") -> -1 | G35: 31 | H35: =IF(H34<$D$10,H34+1,"") -> 45869 | I35: =TEXT(H35,"DDD") -> Thu | J35: =IFERROR(VLOOKUP(H35,Sheet1!$A:$B,2,0),"") | M35: =IFERROR(IF(K35=0,"",K35/L35),"") | P35: =IFERROR(IF(N35=0,"",N35/O35),"") | S35: =IFERROR(IF(Q35=0,"",Q35/R35),"") | U35: =K35+N35+Q35 -> 0 | V35: =L35+O35+R35 -> 0 | W35: =IFERROR(U35/V35,"0") -> 0 | X35: =U35-T35 -> 0 | Y35: =IFERROR(U35/T35,"0") -> 0
G36: Total | K36: =SUM(K5:K35) -> 0 | L36: =SUM(L5:L35) -> 0 | M36: =IFERROR(K36/L36,"0") -> 0 | N36: =SUM(N5:N35) -> 0 | O36: =SUM(O5:O35) -> 0 | P36: =IFERROR(N36/O36,"0") -> 0 | Q36: =SUM(Q5:Q35) -> 0 | R36: =SUM(R5:R35) -> 0 | S36: =IFERROR(Q36/R36,"0") -> 0 | T36: =SUM(T5:T35) -> 0 | U36: =SUM(U5:U35) -> 0 | V36: =SUM(V5:V35) -> 0 | W36: =IFERROR(U36/V36,"0") -> 0 | X36: =SUM(X5:X35) -> 0 | Y36: =SUM(Y5:Y35) -> 0

Sheet Aug
B2: Summary
G3: Daily Sales Report | T3: Consolidated
C4: Month | D4: Aug | G4: Sr No. | H4: Date | I4: Day | J4: Holidays | K4: Dine in Sales | L4: Dine in Tkts. | M4: APC/APT(Avg. /Transaction) | N4: TA Sales | O4: TA Tkts. | P4: APC/APT(Avg. /Transaction) | Q4: Delivery Sales | R4: Delivery Tkts. | S4: APC/APT(Avg. /Transaction) | T4: Target Sales | U4: Total Sales | V4: Total Tkts. | W4: APC/APT | X4: Target vs Acheived | Y4: %
G5: 1 | H5: =D8 -> 45870 | I5: =TEXT(H5,"DDD") -> Fri | J5: =IFERROR(VLOOKUP(H5,Sheet1!$A:$B,2,0),"") | M5: =IFERROR(IF(K5=0,"",K5/L5),"") | P5: =IFERROR(IF(N5=0,"",N5/O5),"") | S5: =IFERROR(IF(Q5=0,"",Q5/R5),"") | U5: =K5+N5+Q5 -> 0 | V5: =L5+O5+R5 -> 0 | W5: =IFERROR(U5/V5,"0") -> 0 | X5: =U5-T5 -> 0 | Y5: =IFERROR(U5/T5,"0") -> 0
C6: Year | D6: 2025 | G6: 2 | H6: =IF(H5<$D$10,H5+1,"") -> 45871 | I6: =TEXT(H6,"DDD") -> Sat | J6: =IFERROR(VLOOKUP(H6,Sheet1!$A:$B,2,0),"") | M6: =IFERROR(IF(K6=0,"",K6/L6),"") | P6: =IFERROR(IF(N6=0,"",N6/O6),"") | S6: =IFERROR(IF(Q6=0,"",Q6/R6),"") | U6: =K6+N6+Q6 -> 0 | V6: =L6+O6+R6 -> 0 | W6: =IFERROR(U6/V6,"0") -> 0 | X6: =U6-T6 -> 0 | Y6: =IFERROR(U6/T6,"0") -> 0
G7: 3 | H7: =IF(H6<$D$10,H6+1,"") -> 45872 | I7: =TEXT(H7,"DDD") -> Sun | J7: =IFERROR(VLOOKUP(H7,Sheet1!$A:$B,2,0),"") | M7: =IFERROR(IF(K7=0,"",K7/L7),"") | P7: =IFERROR(IF(N7=0,"",N7/O7),"") | S7: =IFERROR(IF(Q7=0,"",Q7/R7),"") | U7: =K7+N7+Q7 -> 0 | V7: =L7+O7+R7 -> 0 | W7: =IFERROR(U7/V7,"0") -> 0 | X7: =U7-T7 -> 0 | Y7: =IFERROR(U7/T7,"0") -> 0
C8: Start Date | D8: =DATEVALUE("01"&D4&D6) -> 45870 | G8: 4 | H8: =IF(H7<$D$10,H7+1,"") -> 45873 | I8: =TEXT(H8,"DDD") -> Mon | J8: =IFERROR(VLOOKUP(H8,Sheet1!$A:$B,2,0),"") | M8: =IFERROR(IF(K8=0,"",K8/L8),"") | P8: =IFERROR(IF(N8=0,"",N8/O8),"") | S8: =IFERROR(IF(Q8=0,"",Q8/R8),"") | U8: =K8+N8+Q8 -> 0 | V8: =L8+O8+R8 -> 0 | W8: =IFERROR(U8/V8,"0") -> 0 | X8: =U8-T8 -> 0 | Y8: =IFERROR(U8/T8,"0") -> 0
G9: 5 | H9: =IF(H8<$D$10,H8+1,"") -> 45874 | I9: =TEXT(H9,"DDD") -> Tue | J9: =IFERROR(VLOOKUP(H9,Sheet1!$A:$B,2,0),"") | M9: =IFERROR(IF(K9=0,"",K9/L9),"") | P9: =IFERROR(IF(N9=0,"",N9/O9),"") | S9: =IFERROR(IF(Q9=0,"",Q9/R9),"") | U9: =K9+N9+Q9 -> 0 | V9: =L9+O9+R9 -> 0 | W9: =IFERROR(U9/V9,"0") -> 0 | X9: =U9-T9 -> 0 | Y9: =IFERROR(U9/T9,"0") -> 0
C10: End Date | D10: =EOMONTH(D8,0) -> 45900 | G10: 6 | H10: =IF(H9<$D$10,H9+1,"") -> 45875 | I10: =TEXT(H10,"DDD") -> Wed | J10: =IFERROR(VLOOKUP(H10,Sheet1!$A:$B,2,0),"") | M10: =IFERROR(IF(K10=0,"",K10/L10),"") | P10: =IFERROR(IF(N10=0,"",N10/O10),"") | S10: =IFERROR(IF(Q10=0,"",Q10/R10),"") | U10: =K10+N10+Q10 -> 0 | V10: =L10+O10+R10 -> 0 | W10: =IFERROR(U10/V10,"0") -> 0 | X10: =U10-T10 -> 0 | Y10: =IFERROR(U10/T10,"0") -> 0
G11: 7 | H11: =IF(H10<$D$10,H10+1,"") -> 45876 | I11: =TEXT(H11,"DDD") -> Thu | J11: =IFERROR(VLOOKUP(H11,Sheet1!$A:$B,2,0),"") | M11: =IFERROR(IF(K11=0,"",K11/L11),"") | P11: =IFERROR(IF(N11=0,"",N11/O11),"") | S11: =IFERROR(IF(Q11=0,"",Q11/R11),"") | U11: =K11+N11+Q11 -> 0 | V11: =L11+O11+R11 -> 0 | W11: =IFERROR(U11/V11,"0") -> 0 | X11: =U11-T11 -> 0 | Y11: =IFERROR(U11/T11,"0") -> 0
C12: Total Days | D12: =COUNT(H5:H35) -> 31 | G12: 8 | H12: =IF(H11<$D$10,H11+1,"") -> 45877 | I12: =TEXT(H12,"DDD") -> Fri | J12: =IFERROR(VLOOKUP(H12,Sheet1!$A:$B,2,0),"") | M12: =IFERROR(IF(K12=0,"",K12/L12),"") | P12: =IFERROR(IF(N12=0,"",N12/O12),"") | S12: =IFERROR(IF(Q12=0,"",Q12/R12),"") | U12: =K12+N12+Q12 -> 0 | V12: =L12+O12+R12 -> 0 | W12: =IFERROR(U12/V12,"0") -> 0 | X12: =U12-T12 -> 0 | Y12: =IFERROR(U12/T12,"0") -> 0
G13: 9 | H13: =IF(H12<$D$10,H12+1,"") -> 45878 | I13: =TEXT(H13,"DDD") -> Sat | J13: =IFERROR(VLOOKUP(H13,Sheet1!$A:$B,2,0),"") | M13: =IFERROR(IF(K13=0,"",K13/L13),"") | P13: =IFERROR(IF(N13=0,"",N13/O13),"") | S13: =IFERROR(IF(Q13=0,"",Q13/R13),"") | U13: =K13+N13+Q13 -> 0 | V13: =L13+O13+R13 -> 0 | W13: =IFERROR(U13/V13,"0") -> 0 | X13: =U13-T13 -> 0 | Y13: =IFERROR(U13/T13,"0") -> 0
C14: Total Sat | D14: =COUNTIF(I5:I35,"Sat") -> 5 | G14: 10 | H14: =IF(H13<$D$10,H13+1,"") -> 45879 | I14: =TEXT(H14,"DDD") -> Sun | J14: =IFERROR(VLOOKUP(H14,Sheet1!$A:$B,2,0),"") | M14: =IFERROR(IF(K14=0,"",K14/L14),"") | P14: =IFERROR(IF(N14=0,"",N14/O14),"") | S14: =IFERROR(IF(Q14=0,"",Q14/R14),"") | U14: =K14+N14+Q14 -> 0 | V14: =L14+O14+R14 -> 0 | W14: =IFERROR(U14/V14,"0") -> 0 | X14: =U14-T14 -> 0 | Y14: =IFERROR(U14/T14,"0") -> 0
C15: Total Sun | D15: =COUNTIF(I5:I35,"Sun") -> 5 | G15: 11 | H15: =IF(H14<$D$10,H14+1,"") -> 45880 | I15: =TEXT(H15,"DDD") -> Mon | J15: =IFERROR(VLOOKUP(H15,Sheet1!$A:$B,2,0),"") | M15: =IFERROR(IF(K15=0,"",K15/L15),"") | P15: =IFERROR(IF(N15=0,"",N15/O15),"") | S15: =IFERROR(IF(Q15=0,"",Q15/R15),"") | U15: =K15+N15+Q15 -> 0 | V15: =L15+O15+R15 -> 0 | W15: =IFERROR(U15/V15,"0") -> 0 | X15: =U15-T15 -> 0 | Y15: =IFERROR(U15/T15,"0") -> 0
G16: 12 | H16: =IF(H15<$D$10,H15+1,"") -> 45881 | I16: =TEXT(H16,"DDD") -> Tue | J16: =IFERROR(VLOOKUP(H16,Sheet1!$A:$B,2,0),"") | M16: =IFERROR(IF(K16=0,"",K16/L16),"") | P16: =IFERROR(IF(N16=0,"",N16/O16),"") | S16: =IFERROR(IF(Q16=0,"",Q16/R16),"") | U16: =K16+N16+Q16 -> 0 | V16: =L16+O16+R16 -> 0 | W16: =IFERROR(U16/V16,"0") -> 0 | X16: =U16-T16 -> 0 | Y16: =IFERROR(U16/T16,"0") -> 0
C17: Highest Sale for the month | D17: =MAX(U5:U35) -> 0 | G17: 13 | H17: =IF(H16<$D$10,H16+1,"") -> 45882 | I17: =TEXT(H17,"DDD") -> Wed | J17: =IFERROR(VLOOKUP(H17,Sheet1!$A:$B,2,0),"") | M17: =IFERROR(IF(K17=0,"",K17/L17),"") | P17: =IFERROR(IF(N17=0,"",N17/O17),"") | S17: =IFERROR(IF(Q17=0,"",Q17/R17),"") | U17: =K17+N17+Q17 -> 0 | V17: =L17+O17+R17 -> 0 | W17: =IFERROR(U17/V17,"0") -> 0 | X17: =U17-T17 -> 0 | Y17: =IFERROR(U17/T17,"0") -> 0
G18: 14 | H18: =IF(H17<$D$10,H17+1,"") -> 45883 | I18: =TEXT(H18,"DDD") -> Thu | J18: =IFERROR(VLOOKUP(H18,Sheet1!$A:$B,2,0),"") | M18: =IFERROR(IF(K18=0,"",K18/L18),"") | P18: =IFERROR(IF(N18=0,"",N18/O18),"") | S18: =IFERROR(IF(Q18=0,"",Q18/R18),"") | U18: =K18+N18+Q18 -> 0 | V18: =L18+O18+R18 -> 0 | W18: =IFERROR(U18/V18,"0") -> 0 | X18: =U18-T18 -> 0 | Y18: =IFERROR(U18/T18,"0") -> 0
G19: 15 | H19: =IF(H18<$D$10,H18+1,"") -> 45884 | I19: =TEXT(H19,"DDD") -> Fri | J19: =IFERROR(VLOOKUP(H19,Sheet1!$A:$B,2,0),"") -> Independence Day | M19: =IFERROR(IF(K19=0,"",K19/L19),"") | P19: =IFERROR(IF(N19=0,"",N19/O19),"") | S19: =IFERROR(IF(Q19=0,"",Q19/R19),"") | U19: =K19+N19+Q19 -> 0 | V19: =L19+O19+R19 -> 0 | W19: =IFERROR(U19/V19,"0") -> 0 | X19: =U19-T19 -> 0 | Y19: =IFERROR(U19/T19,"0") -> 0
C20: Lowest Sale for the month | D20: =MIN(U8:U38) -> 0 | G20: 16 | H20: =IF(H19<$D$10,H19+1,"") -> 45885 | I20: =TEXT(H20,"DDD") -> Sat | J20: =IFERROR(VLOOKUP(H20,Sheet1!$A:$B,2,0),"") | M20: =IFERROR(IF(K20=0,"",K20/L20),"") | P20: =IFERROR(IF(N20=0,"",N20/O20),"") | S20: =IFERROR(IF(Q20=0,"",Q20/R20),"") | U20: =K20+N20+Q20 -> 0 | V20: =L20+O20+R20 -> 0 | W20: =IFERROR(U20/V20,"0") -> 0 | X20: =U20-T20 -> 0 | Y20: =IFERROR(U20/T20,"0") -> 0
G21: 17 | H21: =IF(H20<$D$10,H20+1,"") -> 45886 | I21: =TEXT(H21,"DDD") -> Sun | J21: =IFERROR(VLOOKUP(H21,Sheet1!$A:$B,2,0),"") | M21: =IFERROR(IF(K21=0,"",K21/L21),"") | P21: =IFERROR(IF(N21=0,"",N21/O21),"") | S21: =IFERROR(IF(Q21=0,"",Q21/R21),"") | U21: =K21+N21+Q21 -> 0 | V21: =L21+O21+R21 -> 0 | W21: =IFERROR(U21/V21,"0") -> 0 | X21: =U21-T21 -> 0 | Y21: =IFERROR(U21/T21,"0") -> 0
G22: 18 | H22: =IF(H21<$D$10,H21+1,"") -> 45887 | I22: =TEXT(H22,"DDD") -> Mon | J22: =IFERROR(VLOOKUP(H22,Sheet1!$A:$B,2,0),"") | M22: =IFERROR(IF(K22=0,"",K22/L22),"") | P22: =IFERROR(IF(N22=0,"",N22/O22),"") | S22: =IFERROR(IF(Q22=0,"",Q22/R22),"") | U22: =K22+N22+Q22 -> 0 | V22: =L22+O22+R22 -> 0 | W22: =IFERROR(U22/V22,"0") -> 0 | X22: =U22-T22 -> 0 | Y22: =IFERROR(U22/T22,"0") -> 0
C23: Target Achieved | D23: =IF(U36>T36,"Yes","No") -> No | G23: 19 | H23: =IF(H22<$D$10,H22+1,"") -> 45888 | I23: =TEXT(H23,"DDD") -> Tue | J23: =IFERROR(VLOOKUP(H23,Sheet1!$A:$B,2,0),"") | M23: =IFERROR(IF(K23=0,"",K23/L23),"") | P23: =IFERROR(IF(N23=0,"",N23/O23),"") | S23: =IFERROR(IF(Q23=0,"",Q23/R23),"") | U23: =K23+N23+Q23 -> 0 | V23: =L23+O23+R23 -> 0 | W23: =IFERROR(U23/V23,"0") -> 0 | X23: =U23-T23 -> 0 | Y23: =IFERROR(U23/T23,"0") -> 0
G24: 20 | H24: =IF(H23<$D$10,H23+1,"") -> 45889 | I24: =TEXT(H24,"DDD") -> Wed | J24: =IFERROR(VLOOKUP(H24,Sheet1!$A:$B,2,0),"") | M24: =IFERROR(IF(K24=0,"",K24/L24),"") | P24: =IFERROR(IF(N24=0,"",N24/O24),"") | S24: =IFERROR(IF(Q24=0,"",Q24/R24),"") | U24: =K24+N24+Q24 -> 0 | V24: =L24+O24+R24 -> 0 | W24: =IFERROR(U24/V24,"0") -> 0 | X24: =U24-T24 -> 0 | Y24: =IFERROR(U24/T24,"0") -> 0
C25: Sales Till Date | D25: =U36 -> 0 | G25: 21 | H25: =IF(H24<$D$10,H24+1,"") -> 45890 | I25: =TEXT(H25,"DDD") -> Thu | J25: =IFERROR(VLOOKUP(H25,Sheet1!$A:$B,2,0),"") | M25: =IFERROR(IF(K25=0,"",K25/L25),"") | P25: =IFERROR(IF(N25=0,"",N25/O25),"") | S25: =IFERROR(IF(Q25=0,"",Q25/R25),"") | U25: =K25+N25+Q25 -> 0 | V25: =L25+O25+R25 -> 0 | W25: =IFERROR(U25/V25,"0") -> 0 | X25: =U25-T25 -> 0 | Y25: =IFERROR(U25/T25,"0") -> 0
G26: 22 | H26: =IF(H25<$D$10,H25+1,"") -> 45891 | I26: =TEXT(H26,"DDD") -> Fri | J26: =IFERROR(VLOOKUP(H26,Sheet1!$A:$B,2,0),"") | M26: =IFERROR(IF(K26=0,"",K26/L26),"") | P26: =IFERROR(IF(N26=0,"",N26/O26),"") | S26: =IFERROR(IF(Q26=0,"",Q26/R26),"") | U26: =K26+N26+Q26 -> 0 | V26: =L26+O26+R26 -> 0 | W26: =IFERROR(U26/V26,"0") -> 0 | X26: =U26-T26 -> 0 | Y26: =IFERROR(U26/T26,"0") -> 0
C27: Average Sales | D27: =IFERROR(AVERAGE(U5:U35),"0") -> 0 | G27: 23 | H27: =IF(H26<$D$10,H26+1,"") -> 45892 | I27: =TEXT(H27,"DDD") -> Sat | J27: =IFERROR(VLOOKUP(H27,Sheet1!$A:$B,2,0),"") | M27: =IFERROR(IF(K27=0,"",K27/L27),"") | P27: =IFERROR(IF(N27=0,"",N27/O27),"") | S27: =IFERROR(IF(Q27=0,"",Q27/R27),"") | U27: =K27+N27+Q27 -> 0 | V27: =L27+O27+R27 -> 0 | W27: =IFERROR(U27/V27,"0") -> 0 | X27: =U27-T27 -> 0 | Y27: =IFERROR(U27/T27,"0") -> 0
C28: Dine in Sales | D28: =K36 -> 0 | G28: 24 | H28: =IF(H27<$D$10,H27+1,"") -> 45893 | I28: =TEXT(H28,"DDD") -> Sun | J28: =IFERROR(VLOOKUP(H28,Sheet1!$A:$B,2,0),"") | M28: =IFERROR(IF(K28=0,"",K28/L28),"") | P28: =IFERROR(IF(N28=0,"",N28/O28),"") | S28: =IFERROR(IF(Q28=0,"",Q28/R28),"") | U28: =K28+N28+Q28 -> 0 | V28: =L28+O28+R28 -> 0 | W28: =IFERROR(U28/V28,"0") -> 0 | X28: =U28-T28 -> 0 | Y28: =IFERROR(U28/T28,"0") -> 0
C29: Takeaway Sales | D29: =N36 -> 0 | G29: 25 | H29: =IF(H28<$D$10,H28+1,"") -> 45894 | I29: =TEXT(H29,"DDD") -> Mon | J29: =IFERROR(VLOOKUP(H29,Sheet1!$A:$B,2,0),"") | M29: =IFERROR(IF(K29=0,"",K29/L29),"") | P29: =IFERROR(IF(N29=0,"",N29/O29),"") | S29: =IFERROR(IF(Q29=0,"",Q29/R29),"") | U29: =K29+N29+Q29 -> 0 | V29: =L29+O29+R29 -> 0 | W29: =IFERROR(U29/V29,"0") -> 0 | X29: =U29-T29 -> 0 | Y29: =IFERROR(U29/T29,"0") -> 0
C30: Delivery Sales | D30: =Q36 -> 0 | G30: 26 | H30: =IF(H29<$D$10,H29+1,"") -> 45895 | I30: =TEXT(H30,"DDD") -> Tue | J30: =IFERROR(VLOOKUP(H30,Sheet1!$A:$B,2,0),"") | M30: =IFERROR(IF(K30=0,"",K30/L30),"") | P30: =IFERROR(IF(N30=0,"",N30/O30),"") | S30: =IFERROR(IF(Q30=0,"",Q30/R30),"") | U30: =K30+N30+Q30 -> 0 | V30: =L30+O30+R30 -> 0 | W30: =IFERROR(U30/V30,"0") -> 0 | X30: =U30-T30 -> 0 | Y30: =IFERROR(U30/T30,"0") -> 0
G31: 27 | H31: =IF(H30<$D$10,H30+1,"") -> 45896 | I31: =TEXT(H31,"DDD") -> Wed | J31: =IFERROR(VLOOKUP(H31,Sheet1!$A:$B,2,0),"") | M31: =IFERROR(IF(K31=0,"",K31/L31),"") | P31: =IFERROR(IF(N31=0,"",N31/O31),"") | S31: =IFERROR(IF(Q31=0,"",Q31/R31),"") | U31: =K31+N31+Q31 -> 0 | V31: =L31+O31+R31 -> 0 | W31: =IFERROR(U31/V31,"0") -> 0 | X31: =U31-T31 -> 0 | Y31: =IFERROR(U31/T31,"0") -> 0
C32: Total Sales | D32: =SUM(D28:D30) -> 0 | G32: 28 | H32: =IF(H31<$D$10,H31+1,"") -> 45897 | I32: =TEXT(H32,"DDD") -> Thu | J32: =IFERROR(VLOOKUP(H32,Sheet1!$A:$B,2,0),"") | M32: =IFERROR(IF(K32=0,"",K32/L32),"") | P32: =IFERROR(IF(N32=0,"",N32/O32),"") | S32: =IFERROR(IF(Q32=0,"",Q32/R32),"") | U32: =K32+N32+Q32 -> 0 | V32: =L32+O32+R32 -> 0 | W32: =IFERROR(U32/V32,"0") -> 0 | X32: =U32-T32 -> 0 | Y32: =IFERROR(U32/T32,"0") -> 0
C33: Last year sales | D33: 5000 | G33: 29 | H33: =IF(H32<$D$10,H32+1,"") -> 45898 | I33: =TEXT(H33,"DDD") -> Fri | J33: =IFERROR(VLOOKUP(H33,Sheet1!$A:$B,2,0),"") | M33: =IFERROR(IF(K33=0,"",K33/L33),"") | P33: =IFERROR(IF(N33=0,"",N33/O33),"") | S33: =IFERROR(IF(Q33=0,"",Q33/R33),"") | U33: =K33+N33+Q33 -> 0 | V33: =L33+O33+R33 -> 0 | W33: =IFERROR(U33/V33,"0") -> 0 | X33: =U33-T33 -> 0 | Y33: =IFERROR(U33/T33,"0") -> 0
C34: Growth | D34: =D32-D33 -> -5000 | G34: 30 | H34: =IF(H33<$D$10,H33+1,"") -> 45899 | I34: =TEXT(H34,"DDD") -> Sat | J34: =IFERROR(VLOOKUP(H34,Sheet1!$A:$B,2,0),"") -> Raksha Bandhan | M34: =IFERROR(IF(K34=0,"",K34/L34),"") | P34: =IFERROR(IF(N34=0,"",N34/O34),"") | S34: =IFERROR(IF(Q34=0,"",Q34/R34),"") | U34: =K34+N34+Q34 -> 0 | V34: =L34+O34+R34 -> 0 | W34: =IFERROR(U34/V34,"0") -> 0 | X34: =U34-T34 -> 0 | Y34: =IFERROR(U34/T34,"0") -> 0
C35: Growth % | D35: =IFERROR((D32-D33)/D33,"0") -> -1 | G35: 31 | H35: =IF(H34<$D$10,H34+1,"") -> 45900 | I35: =TEXT(H35,"DDD") -> Sun | J35: =IFERROR(VLOOKUP(H35,Sheet1!$A:$B,2,0),"") | M35: =IFERROR(IF(K35=0,"",K35/L35),"") | P35: =IFERROR(IF(N35=0,"",N35/O35),"") | S35: =IFERROR(IF(Q35=0,"",Q35/R35),"") | U35: =K35+N35+Q35 -> 0 | V35: =L35+O35+R35 -> 0 | W35: =IFERROR(U35/V35,"0") -> 0 | X35: =U35-T35 -> 0 | Y35: =IFERROR(U35/T35,"0") -> 0
G36: Total | K36: =SUM(K5:K35) -> 0 | L36: =SUM(L5:L35) -> 0 | M36: =IFERROR(K36/L36,"0") -> 0 | N36: =SUM(N5:N35) -> 0 | O36: =SUM(O5:O35) -> 0 | P36: =IFERROR(N36/O36,"0") -> 0 | Q36: =SUM(Q5:Q35) -> 0 | R36: =SUM(R5:R35) -> 0 | S36: =IFERROR(Q36/R36,"0") -> 0 | T36: =SUM(T5:T35) -> 0 | U36: =SUM(U5:U35) -> 0 | V36: =SUM(V5:V35) -> 0 | W36: =IFERROR(U36/V36,"0") -> 0 | X36: =SUM(X5:X35) -> 0 | Y36: =SUM(Y5:Y35) -> 0

Sheet Sep
B2: Summary
G3: Daily Sales Report | T3: Consolidated
C4: Month | D4: Sep | G4: Sr No. | H4: Date | I4: Day | J4: Holidays | K4: Dine in Sales | L4: Dine in Tkts. | M4: APC/APT(Avg. /Transaction) | N4: TA Sales | O4: TA Tkts. | P4: APC/APT(Avg. /Transaction) | Q4: Delivery Sales | R4: Delivery Tkts. | S4: APC/APT(Avg. /Transaction) | T4: Target Sales | U4: Total Sales | V4: Total Tkts. | W4: APC/APT | X4: Target vs Acheived | Y4: %
G5: 1 | H5: =D8 -> 45901 | I5: =TEXT(H5,"DDD") -> Mon | J5: =IFERROR(VLOOKUP(H5,Sheet1!$A:$B,2,0),"") | M5: =IFERROR(IF(K5=0,"",K5/L5),"") | P5: =IFERROR(IF(N5=0,"",N5/O5),"") | S5: =IFERROR(IF(Q5=0,"",Q5/R5),"") | U5: =K5+N5+Q5 -> 0 | V5: =L5+O5+R5 -> 0 | W5: =IFERROR(U5/V5,"0") -> 0 | X5: =U5-T5 -> 0 | Y5: =IFERROR(U5/T5,"0") -> 0
C6: Year | D6: 2025 | G6: 2 | H6: =IF(H5<$D$10,H5+1,"") -> 45902 | I6: =TEXT(H6,"DDD") -> Tue | J6: =IFERROR(VLOOKUP(H6,Sheet1!$A:$B,2,0),"") | M6: =IFERROR(IF(K6=0,"",K6/L6),"") | P6: =IFERROR(IF(N6=0,"",N6/O6),"") | S6: =IFERROR(IF(Q6=0,"",Q6/R6),"") | U6: =K6+N6+Q6 -> 0 | V6: =L6+O6+R6 -> 0 | W6: =IFERROR(U6/V6,"0") -> 0 | X6: =U6-T6 -> 0 | Y6: =IFERROR(U6/T6,"0") -> 0
G7: 3 | H7: =IF(H6<$D$10,H6+1,"") -> 45903 | I7: =TEXT(H7,"DDD") -> Wed | J7: =IFERROR(VLOOKUP(H7,Sheet1!$A:$B,2,0),"") | M7: =IFERROR(IF(K7=0,"",K7/L7),"") | P7: =IFERROR(IF(N7=0,"",N7/O7),"") | S7: =IFERROR(IF(Q7=0,"",Q7/R7),"") | U7: =K7+N7+Q7 -> 0 | V7: =L7+O7+R7 -> 0 | W7: =IFERROR(U7/V7,"0") -> 0 | X7: =U7-T7 -> 0 | Y7: =IFERROR(U7/T7,"0") -> 0
C8: Start Date | D8: =DATEVALUE("01"&D4&D6) -> 45901 | G8: 4 | H8: =IF(H7<$D$10,H7+1,"") -> 45904 | I8: =TEXT(H8,"DDD") -> Thu | J8: =IFERROR(VLOOKUP(H8,Sheet1!$A:$B,2,0),"") | M8: =IFERROR(IF(K8=0,"",K8/L8),"") | P8: =IFERROR(IF(N8=0,"",N8/O8),"") | S8: =IFERROR(IF(Q8=0,"",Q8/R8),"") | U8: =K8+N8+Q8 -> 0 | V8: =L8+O8+R8 -> 0 | W8: =IFERROR(U8/V8,"0") -> 0 | X8: =U8-T8 -> 0 | Y8: =IFERROR(U8/T8,"0") -> 0
G9: 5 | H9: =IF(H8<$D$10,H8+1,"") -> 45905 | I9: =TEXT(H9,"DDD") -> Fri | J9: =IFERROR(VLOOKUP(H9,Sheet1!$A:$B,2,0),"") | M9: =IFERROR(IF(K9=0,"",K9/L9),"") | P9: =IFERROR(IF(N9=0,"",N9/O9),"") | S9: =IFERROR(IF(Q9=0,"",Q9/R9),"") | U9: =K9+N9+Q9 -> 0 | V9: =L9+O9+R9 -> 0 | W9: =IFERROR(U9/V9,"0") -> 0 | X9: =U9-T9 -> 0 | Y9: =IFERROR(U9/T9,"0") -> 0
C10: End Date | D10: =EOMONTH(D8,0) -> 45930 | G10: 6 | H10: =IF(H9<$D$10,H9+1,"") -> 45906 | I10: =TEXT(H10,"DDD") -> Sat | J10: =IFERROR(VLOOKUP(H10,Sheet1!$A:$B,2,0),"") | M10: =IFERROR(IF(K10=0,"",K10/L10),"") | P10: =IFERROR(IF(N10=0,"",N10/O10),"") | S10: =IFERROR(IF(Q10=0,"",Q10/R10),"") | U10: =K10+N10+Q10 -> 0 | V10: =L10+O10+R10 -> 0 | W10: =IFERROR(U10/V10,"0") -> 0 | X10: =U10-T10 -> 0 | Y10: =IFERROR(U10/T10,"0") -> 0
G11: 7 | H11: =IF(H10<$D$10,H10+1,"") -> 45907 | I11: =TEXT(H11,"DDD") -> Sun | J11: =IFERROR(VLOOKUP(H11,Sheet1!$A:$B,2,0),"") | M11: =IFERROR(IF(K11=0,"",K11/L11),"") | P11: =IFERROR(IF(N11=0,"",N11/O11),"") | S11: =IFERROR(IF(Q11=0,"",Q11/R11),"") | U11: =K11+N11+Q11 -> 0 | V11: =L11+O11+R11 -> 0 | W11: =IFERROR(U11/V11,"0") -> 0 | X11: =U11-T11 -> 0 | Y11: =IFERROR(U11/T11,"0") -> 0
C12: Total Days | D12: =COUNT(H5:H35) -> 30 | G12: 8 | H12: =IF(H11<$D$10,H11+1,"") -> 45908 | I12: =TEXT(H12,"DDD") -> Mon | J12: =IFERROR(VLOOKUP(H12,Sheet1!$A:$B,2,0),"") | M12: =IFERROR(IF(K12=0,"",K12/L12),"") | P12: =IFERROR(IF(N12=0,"",N12/O12),"") | S12: =IFERROR(IF(Q12=0,"",Q12/R12),"") | U12: =K12+N12+Q12 -> 0 | V12: =L12+O12+R12 -> 0 | W12: =IFERROR(U12/V12,"0") -> 0 | X12: =U12-T12 -> 0 | Y12: =IFERROR(U12/T12,"0") -> 0
G13: 9 | H13: =IF(H12<$D$10,H12+1,"") -> 45909 | I13: =TEXT(H13,"DDD") -> Tue | J13: =IFERROR(VLOOKUP(H13,Sheet1!$A:$B,2,0),"") | M13: =IFERROR(IF(K13=0,"",K13/L13),"") | P13: =IFERROR(IF(N13=0,"",N13/O13),"") | S13: =IFERROR(IF(Q13=0,"",Q13/R13),"") | U13: =K13+N13+Q13 -> 0 | V13: =L13+O13+R13 -> 0 | W13: =IFERROR(U13/V13,"0") -> 0 | X13: =U13-T13 -> 0 | Y13: =IFERROR(U13/T13,"0") -> 0
C14: Total Sat | D14: =COUNTIF(I5:I35,"Sat") -> 4 | G14: 10 | H14: =IF(H13<$D$10,H13+1,"") -> 45910 | I14: =TEXT(H14,"DDD") -> Wed | J14: =IFERROR(VLOOKUP(H14,Sheet1!$A:$B,2,0),"") | M14: =IFERROR(IF(K14=0,"",K14/L14),"") | P14: =IFERROR(IF(N14=0,"",N14/O14),"") | S14: =IFERROR(IF(Q14=0,"",Q14/R14),"") | U14: =K14+N14+Q14 -> 0 | V14: =L14+O14+R14 -> 0 | W14: =IFERROR(U14/V14,"0") -> 0 | X14: =U14-T14 -> 0 | Y14: =IFERROR(U14/T14,"0") -> 0
C15: Total Sun | D15: =COUNTIF(I5:I35,"Sun") -> 4 | G15: 11 | H15: =IF(H14<$D$10,H14+1,"") -> 45911 | I15: =TEXT(H15,"DDD") -> Thu | J15: =IFERROR(VLOOKUP(H15,Sheet1!$A:$B,2,0),"") | M15: =IFERROR(IF(K15=0,"",K15/L15),"") | P15: =IFERROR(IF(N15=0,"",N15/O15),"") | S15: =IFERROR(IF(Q15=0,"",Q15/R15),"") | U15: =K15+N15+Q15 -> 0 | V15: =L15+O15+R15 -> 0 | W15: =IFERROR(U15/V15,"0") -> 0 | X15: =U15-T15 -> 0 | Y15: =IFERROR(U15/T15,"0") -> 0
G16: 12 | H16: =IF(H15<$D$10,H15+1,"") -> 45912 | I16: =TEXT(H16,"DDD") -> Fri | J16: =IFERROR(VLOOKUP(H16,Sheet1!$A:$B,2,0),"") | M16: =IFERROR(IF(K16=0,"",K16/L16),"") | P16: =IFERROR(IF(N16=0,"",N16/O16),"") | S16: =IFERROR(IF(Q16=0,"",Q16/R16),"") | U16: =K16+N16+Q16 -> 0 | V16: =L16+O16+R16 -> 0 | W16: =IFERROR(U16/V16,"0") -> 0 | X16: =U16-T16 -> 0 | Y16: =IFERROR(U16/T16,"0") -> 0
C17: Highest Sale for the month | D17: =MAX(U5:U35) -> 0 | G17: 13 | H17: =IF(H16<$D$10,H16+1,"") -> 45913 | I17: =TEXT(H17,"DDD") -> Sat | J17: =IFERROR(VLOOKUP(H17,Sheet1!$A:$B,2,0),"") | M17: =IFERROR(IF(K17=0,"",K17/L17),"") | P17: =IFERROR(IF(N17=0,"",N17/O17),"") | S17: =IFERROR(IF(Q17=0,"",Q17/R17),"") | U17: =K17+N17+Q17 -> 0 | V17: =L17+O17+R17 -> 0 | W17: =IFERROR(U17/V17,"0") -> 0 | X17: =U17-T17 -> 0 | Y17: =IFERROR(U17/T17,"0") -> 0
G18: 14 | H18: =IF(H17<$D$10,H17+1,"") -> 45914 | I18: =TEXT(H18,"DDD") -> Sun | J18: =IFERROR(VLOOKUP(H18,Sheet1!$A:$B,2,0),"") | M18: =IFERROR(IF(K18=0,"",K18/L18),"") | P18: =IFERROR(IF(N18=0,"",N18/O18),"") | S18: =IFERROR(IF(Q18=0,"",Q18/R18),"") | U18: =K18+N18+Q18 -> 0 | V18: =L18+O18+R18 -> 0 | W18: =IFERROR(U18/V18,"0") -> 0 | X18: =U18-T18 -> 0 | Y18: =IFERROR(U18/T18,"0") -> 0
G19: 15 | H19: =IF(H18<$D$10,H18+1,"") -> 45915 | I19: =TEXT(H19,"DDD") -> Mon | J19: =IFERROR(VLOOKUP(H19,Sheet1!$A:$B,2,0),"") | M19: =IFERROR(IF(K19=0,"",K19/L19),"") | P19: =IFERROR(IF(N19=0,"",N19/O19),"") | S19: =IFERROR(IF(Q19=0,"",Q19/R19),"") | U19: =K19+N19+Q19 -> 0 | V19: =L19+O19+R19 -> 0 | W19: =IFERROR(U19/V19,"0") -> 0 | X19: =U19-T19 -> 0 | Y19: =IFERROR(U19/T19,"0") -> 0
C20: Lowest Sale for the month | D20: =MIN(U8:U38) -> 0 | G20: 16 | H20: =IF(H19<$D$10,H19+1,"") -> 45916 | I20: =TEXT(H20,"DDD") -> Tue | J20: =IFERROR(VLOOKUP(H20,Sheet1!$A:$B,2,0),"") | M20: =IFERROR(IF(K20=0,"",K20/L20),"") | P20: =IFERROR(IF(N20=0,"",N20/O20),"") | S20: =IFERROR(IF(Q20=0,"",Q20/R20),"") | U20: =K20+N20+Q20 -> 0 | V20: =L20+O20+R20 -> 0 | W20: =IFERROR(U20/V20,"0") -> 0 | X20: =U20-T20 -> 0 | Y20: =IFERROR(U20/T20,"0") -> 0
G21: 17 | H21: =IF(H20<$D$10,H20+1,"") -> 45917 | I21: =TEXT(H21,"DDD") -> Wed | J21: =IFERROR(VLOOKUP(H21,Sheet1!$A:$B,2,0),"") | M21: =IFERROR(IF(K21=0,"",K21/L21),"") | P21: =IFERROR(IF(N21=0,"",N21/O21),"") | S21: =IFERROR(IF(Q21=0,"",Q21/R21),"") | U21: =K21+N21+Q21 -> 0 | V21: =L21+O21+R21 -> 0 | W21: =IFERROR(U21/V21,"0") -> 0 | X21: =U21-T21 -> 0 | Y21: =IFERROR(U21/T21,"0") -> 0
G22: 18 | H22: =IF(H21<$D$10,H21+1,"") -> 45918 | I22: =TEXT(H22,"DDD") -> Thu | J22: =IFERROR(VLOOKUP(H22,Sheet1!$A:$B,2,0),"") | M22: =IFERROR(IF(K22=0,"",K22/L22),"") | P22: =IFERROR(IF(N22=0,"",N22/O22),"") | S22: =IFERROR(IF(Q22=0,"",Q22/R22),"") | U22: =K22+N22+Q22 -> 0 | V22: =L22+O22+R22 -> 0 | W22: =IFERROR(U22/V22,"0") -> 0 | X22: =U22-T22 -> 0 | Y22: =IFERROR(U22/T22,"0") -> 0
C23: Target Achieved | D23: =IF(U36>T36,"Yes","No") -> No | G23: 19 | H23: =IF(H22<$D$10,H22+1,"") -> 45919 | I23: =TEXT(H23,"DDD") -> Fri | J23: =IFERROR(VLOOKUP(H23,Sheet1!$A:$B,2,0),"") -> Ganesh Chaturthi | M23: =IFERROR(IF(K23=0,"",K23/L23),"") | P23: =IFERROR(IF(N23=0,"",N23/O23),"") | S23: =IFERROR(IF(Q23=0,"",Q23/R23),"") | U23: =K23+N23+Q23 -> 0 | V23: =L23+O23+R23 -> 0 | W23: =IFERROR(U23/V23,"0") -> 0 | X23: =U23-T23 -> 0 | Y23: =IFERROR(U23/T23,"0") -> 0
G24: 20 | H24: =IF(H23<$D$10,H23+1,"") -> 45920 | I24: =TEXT(H24,"DDD") -> Sat | J24: =IFERROR(VLOOKUP(H24,Sheet1!$A:$B,2,0),"") | M24: =IFERROR(IF(K24=0,"",K24/L24),"") | P24: =IFERROR(IF(N24=0,"",N24/O24),"") | S24: =IFERROR(IF(Q24=0,"",Q24/R24),"") | U24: =K24+N24+Q24 -> 0 | V24: =L24+O24+R24 -> 0 | W24: =IFERROR(U24/V24,"0") -> 0 | X24: =U24-T24 -> 0 | Y24: =IFERROR(U24/T24,"0") -> 0
C25: Sales Till Date | D25: =U36 -> 0 | G25: 21 | H25: =IF(H24<$D$10,H24+1,"") -> 45921 | I25: =TEXT(H25,"DDD") -> Sun | J25: =IFERROR(VLOOKUP(H25,Sheet1!$A:$B,2,0),"") | M25: =IFERROR(IF(K25=0,"",K25/L25),"") | P25: =IFERROR(IF(N25=0,"",N25/O25),"") | S25: =IFERROR(IF(Q25=0,"",Q25/R25),"") | U25: =K25+N25+Q25 -> 0 | V25: =L25+O25+R25 -> 0 | W25: =IFERROR(U25/V25,"0") -> 0 | X25: =U25-T25 -> 0 | Y25: =IFERROR(U25/T25,"0") -> 0
G26: 22 | H26: =IF(H25<$D$10,H25+1,"") -> 45922 | I26: =TEXT(H26,"DDD") -> Mon | J26: =IFERROR(VLOOKUP(H26,Sheet1!$A:$B,2,0),"") | M26: =IFERROR(IF(K26=0,"",K26/L26),"") | P26: =IFERROR(IF(N26=0,"",N26/O26),"") | S26: =IFERROR(IF(Q26=0,"",Q26/R26),"") | U26: =K26+N26+Q26 -> 0 | V26: =L26+O26+R26 -> 0 | W26: =IFERROR(U26/V26,"0") -> 0 | X26: =U26-T26 -> 0 | Y26: =IFERROR(U26/T26,"0") -> 0
C27: Average Sales | D27: =IFERROR(AVERAGE(U5:U35),"0") -> 0 | G27: 23 | H27: =IF(H26<$D$10,H26+1,"") -> 45923 | I27: =TEXT(H27,"DDD") -> Tue | J27: =IFERROR(VLOOKUP(H27,Sheet1!$A:$B,2,0),"") | M27: =IFERROR(IF(K27=0,"",K27/L27),"") | P27: =IFERROR(IF(N27=0,"",N27/O27),"") | S27: =IFERROR(IF(Q27=0,"",Q27/R27),"") | U27: =K27+N27+Q27 -> 0 | V27: =L27+O27+R27 -> 0 | W27: =IFERROR(U27/V27,"0") -> 0 | X27: =U27-T27 -> 0 | Y27: =IFERROR(U27/T27,"0") -> 0
C28: Dine in Sales | D28: =K36 -> 0 | G28: 24 | H28: =IF(H27<$D$10,H27+1,"") -> 45924 | I28: =TEXT(H28,"DDD") -> Wed | J28: =IFERROR(VLOOKUP(H28,Sheet1!$A:$B,2,0),"") | M28: =IFERROR(IF(K28=0,"",K28/L28),"") | P28: =IFERROR(IF(N28=0,"",N28/O28),"") | S28: =IFERROR(IF(Q28=0,"",Q28/R28),"") | U28: =K28+N28+Q28 -> 0 | V28: =L28+O28+R28 -> 0 | W28: =IFERROR(U28/V28,"0") -> 0 | X28: =U28-T28 -> 0 | Y28: =IFERROR(U28/T28,"0") -> 0
C29: Takeaway Sales | D29: =N36 -> 0 | G29: 25 | H29: =IF(H28<$D$10,H28+1,"") -> 45925 | I29: =TEXT(H29,"DDD") -> Thu | J29: =IFERROR(VLOOKUP(H29,Sheet1!$A:$B,2,0),"") | M29: =IFERROR(IF(K29=0,"",K29/L29),"") | P29: =IFERROR(IF(N29=0,"",N29/O29),"") | S29: =IFERROR(IF(Q29=0,"",Q29/R29),"") | U29: =K29+N29+Q29 -> 0 | V29: =L29+O29+R29 -> 0 | W29: =IFERROR(U29/V29,"0") -> 0 | X29: =U29-T29 -> 0 | Y29: =IFERROR(U29/T29,"0") -> 0
C30: Delivery Sales | D30: =Q36 -> 0 | G30: 26 | H30: =IF(H29<$D$10,H29+1,"") -> 45926 | I30: =TEXT(H30,"DDD") -> Fri | J30: =IFERROR(VLOOKUP(H30,Sheet1!$A:$B,2,0),"") | M30: =IFERROR(IF(K30=0,"",K30/L30),"") | P30: =IFERROR(IF(N30=0,"",N30/O30),"") | S30: =IFERROR(IF(Q30=0,"",Q30/R30),"") | U30: =K30+N30+Q30 -> 0 | V30: =L30+O30+R30 -> 0 | W30: =IFERROR(U30/V30,"0") -> 0 | X30: =U30-T30 -> 0 | Y30: =IFERROR(U30/T30,"0") -> 0
G31: 27 | H31: =IF(H30<$D$10,H30+1,"") -> 45927 | I31: =TEXT(H31,"DDD") -> Sat | J31: =IFERROR(VLOOKUP(H31,Sheet1!$A:$B,2,0),"") | M31: =IFERROR(IF(K31=0,"",K31/L31),"") | P31: =IFERROR(IF(N31=0,"",N31/O31),"") | S31: =IFERROR(IF(Q31=0,"",Q31/R31),"") | U31: =K31+N31+Q31 -> 0 | V31: =L31+O31+R31 -> 0 | W31: =IFERROR(U31/V31,"0") -> 0 | X31: =U31-T31 -> 0 | Y31: =IFERROR(U31/T31,"0") -> 0
C32: Total Sales | D32: =SUM(D28:D30) -> 0 | G32: 28 | H32: =IF(H31<$D$10,H31+1,"") -> 45928 | I32: =TEXT(H32,"DDD") -> Sun | J32: =IFERROR(VLOOKUP(H32,Sheet1!$A:$B,2,0),"") -> Eid Milad | M32: =IFERROR(IF(K32=0,"",K32/L32),"") | P32: =IFERROR(IF(N32=0,"",N32/O32),"") | S32: =IFERROR(IF(Q32=0,"",Q32/R32),"") | U32: =K32+N32+Q32 -> 0 | V32: =L32+O32+R32 -> 0 | W32: =IFERROR(U32/V32,"0") -> 0 | X32: =U32-T32 -> 0 | Y32: =IFERROR(U32/T32,"0") -> 0
C33: Last year sales | D33: 5000 | G33: 29 | H33: =IF(H32<$D$10,H32+1,"") -> 45929 | I33: =TEXT(H33,"DDD") -> Mon | J33: =IFERROR(VLOOKUP(H33,Sheet1!$A:$B,2,0),"") | M33: =IFERROR(IF(K33=0,"",K33/L33),"") | P33: =IFERROR(IF(N33=0,"",N33/O33),"") | S33: =IFERROR(IF(Q33=0,"",Q33/R33),"") | U33: =K33+N33+Q33 -> 0 | V33: =L33+O33+R33 -> 0 | W33: =IFERROR(U33/V33,"0") -> 0 | X33: =U33-T33 -> 0 | Y33: =IFERROR(U33/T33,"0") -> 0
C34: Growth | D34: =D32-D33 -> -5000 | G34: 30 | H34: =IF(H33<$D$10,H33+1,"") -> 45930 | I34: =TEXT(H34,"DDD") -> Tue | J34: =IFERROR(VLOOKUP(H34,Sheet1!$A:$B,2,0),"") | M34: =IFERROR(IF(K34=0,"",K34/L34),"") | P34: =IFERROR(IF(N34=0,"",N34/O34),"") | S34: =IFERROR(IF(Q34=0,"",Q34/R34),"") | U34: =K34+N34+Q34 -> 0 | V34: =L34+O34+R34 -> 0 | W34: =IFERROR(U34/V34,"0") -> 0 | X34: =U34-T34 -> 0 | Y34: =IFERROR(U34/T34,"0") -> 0
C35: Growth % | D35: =IFERROR((D32-D33)/D33,"0") -> -1 | G35: 31 | H35: =IF(H34<$D$10,H34+1,"") | I35: =TEXT(H35,"DDD") | J35: =IFERROR(VLOOKUP(H35,Sheet1!$A:$B,2,0),"") | M35: =IFERROR(IF(K35=0,"",K35/L35),"") | P35: =IFERROR(IF(N35=0,"",N35/O35),"") | S35: =IFERROR(IF(Q35=0,"",Q35/R35),"") | U35: =K35+N35+Q35 -> 0 | V35: =L35+O35+R35 -> 0 | W35: =IFERROR(U35/V35,"0") -> 0 | X35: =U35-T35 -> 0 | Y35: =IFERROR(U35/T35,"0") -> 0
G36: Total | K36: =SUM(K5:K35) -> 0 | L36: =SUM(L5:L35) -> 0 | M36: =IFERROR(K36/L36,"0") -> 0 | N36: =SUM(N5:N35) -> 0 | O36: =SUM(O5:O35) -> 0 | P36: =IFERROR(N36/O36,"0") -> 0 | Q36: =SUM(Q5:Q35) -> 0 | R36: =SUM(R5:R35) -> 0 | S36: =IFERROR(Q36/R36,"0") -> 0 | T36: =SUM(T5:T35) -> 0 | U36: =SUM(U5:U35) -> 0 | V36: =SUM(V5:V35) -> 0 | W36: =IFERROR(U36/V36,"0") -> 0 | X36: =SUM(X5:X35) -> 0 | Y36: =SUM(Y5:Y35) -> 0

Sheet Oct
B2: Summary
G3: Daily Sales Report | T3: Consolidated
C4: Month | D4: Oct | G4: Sr No. | H4: Date | I4: Day | J4: Holidays | K4: Dine in Sales | L4: Dine in Tkts. | M4: APC/APT(Avg. /Transaction) | N4: TA Sales | O4: TA Tkts. | P4: APC/APT(Avg. /Transaction) | Q4: Delivery Sales | R4: Delivery Tkts. | S4: APC/APT(Avg. /Transaction) | T4: Target Sales | U4: Total Sales | V4: Total Tkts. | W4: APC/APT | X4: Target vs Acheived | Y4: %
G5: 1 | H5: =D8 -> 45931 | I5: =TEXT(H5,"DDD") -> Wed | J5: =IFERROR(VLOOKUP(H5,Sheet1!$A:$B,2,0),"") | M5: =IFERROR(IF(K5=0,"",K5/L5),"") | P5: =IFERROR(IF(N5=0,"",N5/O5),"") | S5: =IFERROR(IF(Q5=0,"",Q5/R5),"") | U5: =K5+N5+Q5 -> 0 | V5: =L5+O5+R5 -> 0 | W5: =IFERROR(U5/V5,"0") -> 0 | X5: =U5-T5 -> 0 | Y5: =IFERROR(U5/T5,"0") -> 0
C6: Year | D6: 2025 | G6: 2 | H6: =IF(H5<$D$10,H5+1,"") -> 45932 | I6: =TEXT(H6,"DDD") -> Thu | J6: =IFERROR(VLOOKUP(H6,Sheet1!$A:$B,2,0),"") -> Gandhi Jayanti | M6: =IFERROR(IF(K6=0,"",K6/L6),"") | P6: =IFERROR(IF(N6=0,"",N6/O6),"") | S6: =IFERROR(IF(Q6=0,"",Q6/R6),"") | U6: =K6+N6+Q6 -> 0 | V6: =L6+O6+R6 -> 0 | W6: =IFERROR(U6/V6,"0") -> 0 | X6: =U6-T6 -> 0 | Y6: =IFERROR(U6/T6,"0") -> 0
G7: 3 | H7: =IF(H6<$D$10,H6+1,"") -> 45933 | I7: =TEXT(H7,"DDD") -> Fri | J7: =IFERROR(VLOOKUP(H7,Sheet1!$A:$B,2,0),"") | M7: =IFERROR(IF(K7=0,"",K7/L7),"") | P7: =IFERROR(IF(N7=0,"",N7/O7),"") | S7: =IFERROR(IF(Q7=0,"",Q7/R7),"") | U7: =K7+N7+Q7 -> 0 | V7: =L7+O7+R7 -> 0 | W7: =IFERROR(U7/V7,"0") -> 0 | X7: =U7-T7 -> 0 | Y7: =IFERROR(U7/T7,"0") -> 0
C8: Start Date | D8: =DATEVALUE("01"&D4&D6) -> 45931 | G8: 4 | H8: =IF(H7<$D$10,H7+1,"") -> 45934 | I8: =TEXT(H8,"DDD") -> Sat | J8: =IFERROR(VLOOKUP(H8,Sheet1!$A:$B,2,0),"") | M8: =IFERROR(IF(K8=0,"",K8/L8),"") | P8: =IFERROR(IF(N8=0,"",N8/O8),"") | S8: =IFERROR(IF(Q8=0,"",Q8/R8),"") | U8: =K8+N8+Q8 -> 0 | V8: =L8+O8+R8 -> 0 | W8: =IFERROR(U8/V8,"0") -> 0 | X8: =U8-T8 -> 0 | Y8: =IFERROR(U8/T8,"0") -> 0
G9: 5 | H9: =IF(H8<$D$10,H8+1,"") -> 45935 | I9: =TEXT(H9,"DDD") -> Sun | J9: =IFERROR(VLOOKUP(H9,Sheet1!$A:$B,2,0),"") | M9: =IFERROR(IF(K9=0,"",K9/L9),"") | P9: =IFERROR(IF(N9=0,"",N9/O9),"") | S9: =IFERROR(IF(Q9=0,"",Q9/R9),"") | U9: =K9+N9+Q9 -> 0 | V9: =L9+O9+R9 -> 0 | W9: =IFERROR(U9/V9,"0") -> 0 | X9: =U9-T9 -> 0 | Y9: =IFERROR(U9/T9,"0") -> 0
C10: End Date | D10: =EOMONTH(D8,0) -> 45961 | G10: 6 | H10: =IF(H9<$D$10,H9+1,"") -> 45936 | I10: =TEXT(H10,"DDD") -> Mon | J10: =IFERROR(VLOOKUP(H10,Sheet1!$A:$B,2,0),"") | M10: =IFERROR(IF(K10=0,"",K10/L10),"") | P10: =IFERROR(IF(N10=0,"",N10/O10),"") | S10: =IFERROR(IF(Q10=0,"",Q10/R10),"") | U10: =K10+N10+Q10 -> 0 | V10: =L10+O10+R10 -> 0 | W10: =IFERROR(U10/V10,"0") -> 0 | X10: =U10-T10 -> 0 | Y10: =IFERROR(U10/T10,"0") -> 0
G11: 7 | H11: =IF(H10<$D$10,H10+1,"") -> 45937 | I11: =TEXT(H11,"DDD") -> Tue | J11: =IFERROR(VLOOKUP(H11,Sheet1!$A:$B,2,0),"") | M11: =IFERROR(IF(K11=0,"",K11/L11),"") | P11: =IFERROR(IF(N11=0,"",N11/O11),"") | S11: =IFERROR(IF(Q11=0,"",Q11/R11),"") | U11: =K11+N11+Q11 -> 0 | V11: =L11+O11+R11 -> 0 | W11: =IFERROR(U11/V11,"0") -> 0 | X11: =U11-T11 -> 0 | Y11: =IFERROR(U11/T11,"0") -> 0
C12: Total Days | D12: =COUNT(H5:H35) -> 31 | G12: 8 | H12: =IF(H11<$D$10,H11+1,"") -> 45938 | I12: =TEXT(H12,"DDD") -> Wed | J12: =IFERROR(VLOOKUP(H12,Sheet1!$A:$B,2,0),"") | M12: =IFERROR(IF(K12=0,"",K12/L12),"") | P12: =IFERROR(IF(N12=0,"",N12/O12),"") | S12: =IFERROR(IF(Q12=0,"",Q12/R12),"") | U12: =K12+N12+Q12 -> 0 | V12: =L12+O12+R12 -> 0 | W12: =IFERROR(U12/V12,"0") -> 0 | X12: =U12-T12 -> 0 | Y12: =IFERROR(U12/T12,"0") -> 0
G13: 9 | H13: =IF(H12<$D$10,H12+1,"") -> 45939 | I13: =TEXT(H13,"DDD") -> Thu | J13: =IFERROR(VLOOKUP(H13,Sheet1!$A:$B,2,0),"") | M13: =IFERROR(IF(K13=0,"",K13/L13),"") | P13: =IFERROR(IF(N13=0,"",N13/O13),"") | S13: =IFERROR(IF(Q13=0,"",Q13/R13),"") | U13: =K13+N13+Q13 -> 0 | V13: =L13+O13+R13 -> 0 | W13: =IFERROR(U13/V13,"0") -> 0 | X13: =U13-T13 -> 0 | Y13: =IFERROR(U13/T13,"0") -> 0
C14: Total Sat | D14: =COUNTIF(I5:I35,"Sat") -> 4 | G14: 10 | H14: =IF(H13<$D$10,H13+1,"") -> 45940 | I14: =TEXT(H14,"DDD") -> Fri | J14: =IFERROR(VLOOKUP(H14,Sheet1!$A:$B,2,0),"") | M14: =IFERROR(IF(K14=0,"",K14/L14),"") | P14: =IFERROR(IF(N14=0,"",N14/O14),"") | S14: =IFERROR(IF(Q14=0,"",Q14/R14),"") | U14: =K14+N14+Q14 -> 0 | V14: =L14+O14+R14 -> 0 | W14: =IFERROR(U14/V14,"0") -> 0 | X14: =U14-T14 -> 0 | Y14: =IFERROR(U14/T14,"0") -> 0
C15: Total Sun | D15: =COUNTIF(I5:I35,"Sun") -> 4 | G15: 11 | H15: =IF(H14<$D$10,H14+1,"") -> 45941 | I15: =TEXT(H15,"DDD") -> Sat | J15: =IFERROR(VLOOKUP(H15,Sheet1!$A:$B,2,0),"") | M15: =IFERROR(IF(K15=0,"",K15/L15),"") | P15: =IFERROR(IF(N15=0,"",N15/O15),"") | S15: =IFERROR(IF(Q15=0,"",Q15/R15),"") | U15: =K15+N15+Q15 -> 0 | V15: =L15+O15+R15 -> 0 | W15: =IFERROR(U15/V15,"0") -> 0 | X15: =U15-T15 -> 0 | Y15: =IFERROR(U15/T15,"0") -> 0
G16: 12 | H16: =IF(H15<$D$10,H15+1,"") -> 45942 | I16: =TEXT(H16,"DDD") -> Sun | J16: =IFERROR(VLOOKUP(H16,Sheet1!$A:$B,2,0),"") | M16: =IFERROR(IF(K16=0,"",K16/L16),"") | P16: =IFERROR(IF(N16=0,"",N16/O16),"") | S16: =IFERROR(IF(Q16=0,"",Q16/R16),"") | U16: =K16+N16+Q16 -> 0 | V16: =L16+O16+R16 -> 0 | W16: =IFERROR(U16/V16,"0") -> 0 | X16: =U16-T16 -> 0 | Y16: =IFERROR(U16/T16,"0") -> 0
C17: Highest Sale for the month | D17: =MAX(U5:U35) -> 0 | G17: 13 | H17: =IF(H16<$D$10,H16+1,"") -> 45943 | I17: =TEXT(H17,"DDD") -> Mon | J17: =IFERROR(VLOOKUP(H17,Sheet1!$A:$B,2,0),"") | M17: =IFERROR(IF(K17=0,"",K17/L17),"") | P17: =IFERROR(IF(N17=0,"",N17/O17),"") | S17: =IFERROR(IF(Q17=0,"",Q17/R17),"") | U17: =K17+N17+Q17 -> 0 | V17: =L17+O17+R17 -> 0 | W17: =IFERROR(U17/V17,"0") -> 0 | X17: =U17-T17 -> 0 | Y17: =IFERROR(U17/T17,"0") -> 0
G18: 14 | H18: =IF(H17<$D$10,H17+1,"") -> 45944 | I18: =TEXT(H18,"DDD") -> Tue | J18: =IFERROR(VLOOKUP(H18,Sheet1!$A:$B,2,0),"") | M18: =IFERROR(IF(K18=0,"",K18/L18),"") | P18: =IFERROR(IF(N18=0,"",N18/O18),"") | S18: =IFERROR(IF(Q18=0,"",Q18/R18),"") | U18: =K18+N18+Q18 -> 0 | V18: =L18+O18+R18 -> 0 | W18: =IFERROR(U18/V18,"0") -> 0 | X18: =U18-T18 -> 0 | Y18: =IFERROR(U18/T18,"0") -> 0
G19: 15 | H19: =IF(H18<$D$10,H18+1,"") -> 45945 | I19: =TEXT(H19,"DDD") -> Wed | J19: =IFERROR(VLOOKUP(H19,Sheet1!$A:$B,2,0),"") | M19: =IFERROR(IF(K19=0,"",K19/L19),"") | P19: =IFERROR(IF(N19=0,"",N19/O19),"") | S19: =IFERROR(IF(Q19=0,"",Q19/R19),"") | U19: =K19+N19+Q19 -> 0 | V19: =L19+O19+R19 -> 0 | W19: =IFERROR(U19/V19,"0") -> 0 | X19: =U19-T19 -> 0 | Y19: =IFERROR(U19/T19,"0") -> 0
C20: Lowest Sale for the month | D20: =MIN(U8:U38) -> 0 | G20: 16 | H20: =IF(H19<$D$10,H19+1,"") -> 45946 | I20: =TEXT(H20,"DDD") -> Thu | J20: =IFERROR(VLOOKUP(H20,Sheet1!$A:$B,2,0),"") | M20: =IFERROR(IF(K20=0,"",K20/L20),"") | P20: =IFERROR(IF(N20=0,"",N20/O20),"") | S20: =IFERROR(IF(Q20=0,"",Q20/R20),"") | U20: =K20+N20+Q20 -> 0 | V20: =L20+O20+R20 -> 0 | W20: =IFERROR(U20/V20,"0") -> 0 | X20: =U20-T20 -> 0 | Y20: =IFERROR(U20/T20,"0") -> 0
G21: 17 | H21: =IF(H20<$D$10,H20+1,"") -> 45947 | I21: =TEXT(H21,"DDD") -> Fri | J21: =IFERROR(VLOOKUP(H21,Sheet1!$A:$B,2,0),"") | M21: =IFERROR(IF(K21=0,"",K21/L21),"") | P21: =IFERROR(IF(N21=0,"",N21/O21),"") | S21: =IFERROR(IF(Q21=0,"",Q21/R21),"") | U21: =K21+N21+Q21 -> 0 | V21: =L21+O21+R21 -> 0 | W21: =IFERROR(U21/V21,"0") -> 0 | X21: =U21-T21 -> 0 | Y21: =IFERROR(U21/T21,"0") -> 0
G22: 18 | H22: =IF(H21<$D$10,H21+1,"") -> 45948 | I22: =TEXT(H22,"DDD") -> Sat | J22: =IFERROR(VLOOKUP(H22,Sheet1!$A:$B,2,0),"") | M22: =IFERROR(IF(K22=0,"",K22/L22),"") | P22: =IFERROR(IF(N22=0,"",N22/O22),"") | S22: =IFERROR(IF(Q22=0,"",Q22/R22),"") | U22: =K22+N22+Q22 -> 0 | V22: =L22+O22+R22 -> 0 | W22: =IFERROR(U22/V22,"0") -> 0 | X22: =U22-T22 -> 0 | Y22: =IFERROR(U22/T22,"0") -> 0
C23: Target Achieved | D23: =IF(U36>T36,"Yes","No") -> No | G23: 19 | H23: =IF(H22<$D$10,H22+1,"") -> 45949 | I23: =TEXT(H23,"DDD") -> Sun | J23: =IFERROR(VLOOKUP(H23,Sheet1!$A:$B,2,0),"") | M23: =IFERROR(IF(K23=0,"",K23/L23),"") | P23: =IFERROR(IF(N23=0,"",N23/O23),"") | S23: =IFERROR(IF(Q23=0,"",Q23/R23),"") | U23: =K23+N23+Q23 -> 0 | V23: =L23+O23+R23 -> 0 | W23: =IFERROR(U23/V23,"0") -> 0 | X23: =U23-T23 -> 0 | Y23: =IFERROR(U23/T23,"0") -> 0
G24: 20 | H24: =IF(H23<$D$10,H23+1,"") -> 45950 | I24: =TEXT(H24,"DDD") -> Mon | J24: =IFERROR(VLOOKUP(H24,Sheet1!$A:$B,2,0),"") | M24: =IFERROR(IF(K24=0,"",K24/L24),"") | P24: =IFERROR(IF(N24=0,"",N24/O24),"") | S24: =IFERROR(IF(Q24=0,"",Q24/R24),"") | U24: =K24+N24+Q24 -> 0 | V24: =L24+O24+R24 -> 0 | W24: =IFERROR(U24/V24,"0") -> 0 | X24: =U24-T24 -> 0 | Y24: =IFERROR(U24/T24,"0") -> 0
C25: Sales Till Date | D25: =U36 -> 0 | G25: 21 | H25: =IF(H24<$D$10,H24+1,"") -> 45951 | I25: =TEXT(H25,"DDD") -> Tue | J25: =IFERROR(VLOOKUP(H25,Sheet1!$A:$B,2,0),"") | M25: =IFERROR(IF(K25=0,"",K25/L25),"") | P25: =IFERROR(IF(N25=0,"",N25/O25),"") | S25: =IFERROR(IF(Q25=0,"",Q25/R25),"") | U25: =K25+N25+Q25 -> 0 | V25: =L25+O25+R25 -> 0 | W25: =IFERROR(U25/V25,"0") -> 0 | X25: =U25-T25 -> 0 | Y25: =IFERROR(U25/T25,"0") -> 0
G26: 22 | H26: =IF(H25<$D$10,H25+1,"") -> 45952 | I26: =TEXT(H26,"DDD") -> Wed | J26: =IFERROR(VLOOKUP(H26,Sheet1!$A:$B,2,0),"") | M26: =IFERROR(IF(K26=0,"",K26/L26),"") | P26: =IFERROR(IF(N26=0,"",N26/O26),"") | S26: =IFERROR(IF(Q26=0,"",Q26/R26),"") | U26: =K26+N26+Q26 -> 0 | V26: =L26+O26+R26 -> 0 | W26: =IFERROR(U26/V26,"0") -> 0 | X26: =U26-T26 -> 0 | Y26: =IFERROR(U26/T26,"0") -> 0
C27: Average Sales | D27: =IFERROR(AVERAGE(U5:U35),"0") -> 0 | G27: 23 | H27: =IF(H26<$D$10,H26+1,"") -> 45953 | I27: =TEXT(H27,"DDD") -> Thu | J27: =IFERROR(VLOOKUP(H27,Sheet1!$A:$B,2,0),"") -> Ayudha Pooja | M27: =IFERROR(IF(K27=0,"",K27/L27),"") | P27: =IFERROR(IF(N27=0,"",N27/O27),"") | S27: =IFERROR(IF(Q27=0,"",Q27/R27),"") | U27: =K27+N27+Q27 -> 0 | V27: =L27+O27+R27 -> 0 | W27: =IFERROR(U27/V27,"0") -> 0 | X27: =U27-T27 -> 0 | Y27: =IFERROR(U27/T27,"0") -> 0
C28: Dine in Sales | D28: =K36 -> 0 | G28: 24 | H28: =IF(H27<$D$10,H27+1,"") -> 45954 | I28: =TEXT(H28,"DDD") -> Fri | J28: =IFERROR(VLOOKUP(H28,Sheet1!$A:$B,2,0),"") -> Vijay Dashmi | M28: =IFERROR(IF(K28=0,"",K28/L28),"") | P28: =IFERROR(IF(N28=0,"",N28/O28),"") | S28: =IFERROR(IF(Q28=0,"",Q28/R28),"") | U28: =K28+N28+Q28 -> 0 | V28: =L28+O28+R28 -> 0 | W28: =IFERROR(U28/V28,"0") -> 0 | X28: =U28-T28 -> 0 | Y28: =IFERROR(U28/T28,"0") -> 0
C29: Takeaway Sales | D29: =N36 -> 0 | G29: 25 | H29: =IF(H28<$D$10,H28+1,"") -> 45955 | I29: =TEXT(H29,"DDD") -> Sat | J29: =IFERROR(VLOOKUP(H29,Sheet1!$A:$B,2,0),"") | M29: =IFERROR(IF(K29=0,"",K29/L29),"") | P29: =IFERROR(IF(N29=0,"",N29/O29),"") | S29: =IFERROR(IF(Q29=0,"",Q29/R29),"") | U29: =K29+N29+Q29 -> 0 | V29: =L29+O29+R29 -> 0 | W29: =IFERROR(U29/V29,"0") -> 0 | X29: =U29-T29 -> 0 | Y29: =IFERROR(U29/T29,"0") -> 0
C30: Delivery Sales | D30: =Q36 -> 0 | G30: 26 | H30: =IF(H29<$D$10,H29+1,"") -> 45956 | I30: =TEXT(H30,"DDD") -> Sun | J30: =IFERROR(VLOOKUP(H30,Sheet1!$A:$B,2,0),"") | M30: =IFERROR(IF(K30=0,"",K30/L30),"") | P30: =IFERROR(IF(N30=0,"",N30/O30),"") | S30: =IFERROR(IF(Q30=0,"",Q30/R30),"") | U30: =K30+N30+Q30 -> 0 | V30: =L30+O30+R30 -> 0 | W30: =IFERROR(U30/V30,"0") -> 0 | X30: =U30-T30 -> 0 | Y30: =IFERROR(U30/T30,"0") -> 0
G31: 27 | H31: =IF(H30<$D$10,H30+1,"") -> 45957 | I31: =TEXT(H31,"DDD") -> Mon | J31: =IFERROR(VLOOKUP(H31,Sheet1!$A:$B,2,0),"") | M31: =IFERROR(IF(K31=0,"",K31/L31),"") | P31: =IFERROR(IF(N31=0,"",N31/O31),"") | S31: =IFERROR(IF(Q31=0,"",Q31/R31),"") | U31: =K31+N31+Q31 -> 0 | V31: =L31+O31+R31 -> 0 | W31: =IFERROR(U31/V31,"0") -> 0 | X31: =U31-T31 -> 0 | Y31: =IFERROR(U31/T31,"0") -> 0
C32: Total Sales | D32: =SUM(D28:D30) -> 0 | G32: 28 | H32: =IF(H31<$D$10,H31+1,"") -> 45958 | I32: =TEXT(H32,"DDD") -> Tue | J32: =IFERROR(VLOOKUP(H32,Sheet1!$A:$B,2,0),"") | M32: =IFERROR(IF(K32=0,"",K32/L32),"") | P32: =IFERROR(IF(N32=0,"",N32/O32),"") | S32: =IFERROR(IF(Q32=0,"",Q32/R32),"") | U32: =K32+N32+Q32 -> 0 | V32: =L32+O32+R32 -> 0 | W32: =IFERROR(U32/V32,"0") -> 0 | X32: =U32-T32 -> 0 | Y32: =IFERROR(U32/T32,"0") -> 0
C33: Last year sales | D33: 5000 | G33: 29 | H33: =IF(H32<$D$10,H32+1,"") -> 45959 | I33: =TEXT(H33,"DDD") -> Wed | J33: =IFERROR(VLOOKUP(H33,Sheet1!$A:$B,2,0),"") | M33: =IFERROR(IF(K33=0,"",K33/L33),"") | P33: =IFERROR(IF(N33=0,"",N33/O33),"") | S33: =IFERROR(IF(Q33=0,"",Q33/R33),"") | U33: =K33+N33+Q33 -> 0 | V33: =L33+O33+R33 -> 0 | W33: =IFERROR(U33/V33,"0") -> 0 | X33: =U33-T33 -> 0 | Y33: =IFERROR(U33/T33,"0") -> 0
C34: Growth | D34: =D32-D33 -> -5000 | G34: 30 | H34: =IF(H33<$D$10,H33+1,"") -> 45960 | I34: =TEXT(H34,"DDD") -> Thu | J34: =IFERROR(VLOOKUP(H34,Sheet1!$A:$B,2,0),"") | M34: =IFERROR(IF(K34=0,"",K34/L34),"") | P34: =IFERROR(IF(N34=0,"",N34/O34),"") | S34: =IFERROR(IF(Q34=0,"",Q34/R34),"") | U34: =K34+N34+Q34 -> 0 | V34: =L34+O34+R34 -> 0 | W34: =IFERROR(U34/V34,"0") -> 0 | X34: =U34-T34 -> 0 | Y34: =IFERROR(U34/T34,"0") -> 0
C35: Growth % | D35: =IFERROR((D32-D33)/D33,"0") -> -1 | G35: 31 | H35: =IF(H34<$D$10,H34+1,"") -> 45961 | I35: =TEXT(H35,"DDD") -> Fri | J35: =IFERROR(VLOOKUP(H35,Sheet1!$A:$B,2,0),"") | M35: =IFERROR(IF(K35=0,"",K35/L35),"") | P35: =IFERROR(IF(N35=0,"",N35/O35),"") | S35: =IFERROR(IF(Q35=0,"",Q35/R35),"") | U35: =K35+N35+Q35 -> 0 | V35: =L35+O35+R35 -> 0 | W35: =IFERROR(U35/V35,"0") -> 0 | X35: =U35-T35 -> 0 | Y35: =IFERROR(U35/T35,"0") -> 0
G36: Total | K36: =SUM(K5:K35) -> 0 | L36: =SUM(L5:L35) -> 0 | M36: =IFERROR(K36/L36,"0") -> 0 | N36: =SUM(N5:N35) -> 0 | O36: =SUM(O5:O35) -> 0 | P36: =IFERROR(N36/O36,"0") -> 0 | Q36: =SUM(Q5:Q35) -> 0 | R36: =SUM(R5:R35) -> 0 | S36: =IFERROR(Q36/R36,"0") -> 0 | T36: =SUM(T5:T35) -> 0 | U36: =SUM(U5:U35) -> 0 | V36: =SUM(V5:V35) -> 0 | W36: =IFERROR(U36/V36,"0") -> 0 | X36: =SUM(X5:X35) -> 0 | Y36: =SUM(Y5:Y35) -> 0

Sheet Nov
B2: Summary
G3: Daily Sales Report | T3: Consolidated
C4: Month | D4: Nov | G4: Sr No. | H4: Date | I4: Day | J4: Holidays | K4: Dine in Sales | L4: Dine in Tkts. | M4: APC/APT(Avg. /Transaction) | N4: TA Sales | O4: TA Tkts. | P4: APC/APT(Avg. /Transaction) | Q4: Delivery Sales | R4: Delivery Tkts. | S4: APC/APT(Avg. /Transaction) | T4: Target Sales | U4: Total Sales | V4: Total Tkts. | W4: APC/APT | X4: Target vs Acheived | Y4: %
G5: 1 | H5: =D8 -> 45962 | I5: =TEXT(H5,"DDD") -> Sat | J5: =IFERROR(VLOOKUP(H5,Sheet1!$A:$B,2,0),"") | M5: =IFERROR(IF(K5=0,"",K5/L5),"") | P5: =IFERROR(IF(N5=0,"",N5/O5),"") | S5: =IFERROR(IF(Q5=0,"",Q5/R5),"") | U5: =K5+N5+Q5 -> 0 | V5: =L5+O5+R5 -> 0 | W5: =IFERROR(U5/V5,"0") -> 0 | X5: =U5-T5 -> 0 | Y5: =IFERROR(U5/T5,"0") -> 0
C6: Year | D6: 2025 | G6: 2 | H6: =IF(H5<$D$10,H5+1,"") -> 45963 | I6: =TEXT(H6,"DDD") -> Sun | J6: =IFERROR(VLOOKUP(H6,Sheet1!$A:$B,2,0),"") | M6: =IFERROR(IF(K6=0,"",K6/L6),"") | P6: =IFERROR(IF(N6=0,"",N6/O6),"") | S6: =IFERROR(IF(Q6=0,"",Q6/R6),"") | U6: =K6+N6+Q6 -> 0 | V6: =L6+O6+R6 -> 0 | W6: =IFERROR(U6/V6,"0") -> 0 | X6: =U6-T6 -> 0 | Y6: =IFERROR(U6/T6,"0") -> 0
G7: 3 | H7: =IF(H6<$D$10,H6+1,"") -> 45964 | I7: =TEXT(H7,"DDD") -> Mon | J7: =IFERROR(VLOOKUP(H7,Sheet1!$A:$B,2,0),"") | M7: =IFERROR(IF(K7=0,"",K7/L7),"") | P7: =IFERROR(IF(N7=0,"",N7/O7),"") | S7: =IFERROR(IF(Q7=0,"",Q7/R7),"") | U7: =K7+N7+Q7 -> 0 | V7: =L7+O7+R7 -> 0 | W7: =IFERROR(U7/V7,"0") -> 0 | X7: =U7-T7 -> 0 | Y7: =IFERROR(U7/T7,"0") -> 0
C8: Start Date | D8: =DATEVALUE("01"&D4&D6) -> 45962 | G8: 4 | H8: =IF(H7<$D$10,H7+1,"") -> 45965 | I8: =TEXT(H8,"DDD") -> Tue | J8: =IFERROR(VLOOKUP(H8,Sheet1!$A:$B,2,0),"") | M8: =IFERROR(IF(K8=0,"",K8/L8),"") | P8: =IFERROR(IF(N8=0,"",N8/O8),"") | S8: =IFERROR(IF(Q8=0,"",Q8/R8),"") | U8: =K8+N8+Q8 -> 0 | V8: =L8+O8+R8 -> 0 | W8: =IFERROR(U8/V8,"0") -> 0 | X8: =U8-T8 -> 0 | Y8: =IFERROR(U8/T8,"0") -> 0
G9: 5 | H9: =IF(H8<$D$10,H8+1,"") -> 45966 | I9: =TEXT(H9,"DDD") -> Wed | J9: =IFERROR(VLOOKUP(H9,Sheet1!$A:$B,2,0),"") | M9: =IFERROR(IF(K9=0,"",K9/L9),"") | P9: =IFERROR(IF(N9=0,"",N9/O9),"") | S9: =IFERROR(IF(Q9=0,"",Q9/R9),"") | U9: =K9+N9+Q9 -> 0 | V9: =L9+O9+R9 -> 0 | W9: =IFERROR(U9/V9,"0") -> 0 | X9: =U9-T9 -> 0 | Y9: =IFERROR(U9/T9,"0") -> 0
C10: End Date | D10: =EOMONTH(D8,0) -> 45991 | G10: 6 | H10: =IF(H9<$D$10,H9+1,"") -> 45967 | I10: =TEXT(H10,"DDD") -> Thu | J10: =IFERROR(VLOOKUP(H10,Sheet1!$A:$B,2,0),"") | M10: =IFERROR(IF(K10=0,"",K10/L10),"") | P10: =IFERROR(IF(N10=0,"",N10/O10),"") | S10: =IFERROR(IF(Q10=0,"",Q10/R10),"") | U10: =K10+N10+Q10 -> 0 | V10: =L10+O10+R10 -> 0 | W10: =IFERROR(U10/V10,"0") -> 0 | X10: =U10-T10 -> 0 | Y10: =IFERROR(U10/T10,"0") -> 0
G11: 7 | H11: =IF(H10<$D$10,H10+1,"") -> 45968 | I11: =TEXT(H11,"DDD") -> Fri | J11: =IFERROR(VLOOKUP(H11,Sheet1!$A:$B,2,0),"") | M11: =IFERROR(IF(K11=0,"",K11/L11),"") | P11: =IFERROR(IF(N11=0,"",N11/O11),"") | S11: =IFERROR(IF(Q11=0,"",Q11/R11),"") | U11: =K11+N11+Q11 -> 0 | V11: =L11+O11+R11 -> 0 | W11: =IFERROR(U11/V11,"0") -> 0 | X11: =U11-T11 -> 0 | Y11: =IFERROR(U11/T11,"0") -> 0
C12: Total Days | D12: =COUNT(H5:H35) -> 30 | G12: 8 | H12: =IF(H11<$D$10,H11+1,"") -> 45969 | I12: =TEXT(H12,"DDD") -> Sat | J12: =IFERROR(VLOOKUP(H12,Sheet1!$A:$B,2,0),"") | M12: =IFERROR(IF(K12=0,"",K12/L12),"") | P12: =IFERROR(IF(N12=0,"",N12/O12),"") | S12: =IFERROR(IF(Q12=0,"",Q12/R12),"") | U12: =K12+N12+Q12 -> 0 | V12: =L12+O12+R12 -> 0 | W12: =IFERROR(U12/V12,"0") -> 0 | X12: =U12-T12 -> 0 | Y12: =IFERROR(U12/T12,"0") -> 0
G13: 9 | H13: =IF(H12<$D$10,H12+1,"") -> 45970 | I13: =TEXT(H13,"DDD") -> Sun | J13: =IFERROR(VLOOKUP(H13,Sheet1!$A:$B,2,0),"") | M13: =IFERROR(IF(K13=0,"",K13/L13),"") | P13: =IFERROR(IF(N13=0,"",N13/O13),"") | S13: =IFERROR(IF(Q13=0,"",Q13/R13),"") | U13: =K13+N13+Q13 -> 0 | V13: =L13+O13+R13 -> 0 | W13: =IFERROR(U13/V13,"0") -> 0 | X13: =U13-T13 -> 0 | Y13: =IFERROR(U13/T13,"0") -> 0
C14: Total Sat | D14: =COUNTIF(I5:I35,"Sat") -> 5 | G14: 10 | H14: =IF(H13<$D$10,H13+1,"") -> 45971 | I14: =TEXT(H14,"DDD") -> Mon | J14: =IFERROR(VLOOKUP(H14,Sheet1!$A:$B,2,0),"") | M14: =IFERROR(IF(K14=0,"",K14/L14),"") | P14: =IFERROR(IF(N14=0,"",N14/O14),"") | S14: =IFERROR(IF(Q14=0,"",Q14/R14),"") | U14: =K14+N14+Q14 -> 0 | V14: =L14+O14+R14 -> 0 | W14: =IFERROR(U14/V14,"0") -> 0 | X14: =U14-T14 -> 0 | Y14: =IFERROR(U14/T14,"0") -> 0
C15: Total Sun | D15: =COUNTIF(I5:I35,"Sun") -> 5 | G15: 11 | H15: =IF(H14<$D$10,H14+1,"") -> 45972 | I15: =TEXT(H15,"DDD") -> Tue | J15: =IFERROR(VLOOKUP(H15,Sheet1!$A:$B,2,0),"") | M15: =IFERROR(IF(K15=0,"",K15/L15),"") | P15: =IFERROR(IF(N15=0,"",N15/O15),"") | S15: =IFERROR(IF(Q15=0,"",Q15/R15),"") | U15: =K15+N15+Q15 -> 0 | V15: =L15+O15+R15 -> 0 | W15: =IFERROR(U15/V15,"0") -> 0 | X15: =U15-T15 -> 0 | Y15: =IFERROR(U15/T15,"0") -> 0
G16: 12 | H16: =IF(H15<$D$10,H15+1,"") -> 45973 | I16: =TEXT(H16,"DDD") -> Wed | J16: =IFERROR(VLOOKUP(H16,Sheet1!$A:$B,2,0),"") | M16: =IFERROR(IF(K16=0,"",K16/L16),"") | P16: =IFERROR(IF(N16=0,"",N16/O16),"") | S16: =IFERROR(IF(Q16=0,"",Q16/R16),"") | U16: =K16+N16+Q16 -> 0 | V16: =L16+O16+R16 -> 0 | W16: =IFERROR(U16/V16,"0") -> 0 | X16: =U16-T16 -> 0 | Y16: =IFERROR(U16/T16,"0") -> 0
C17: Highest Sale for the month | D17: =MAX(U5:U35) -> 0 | G17: 13 | H17: =IF(H16<$D$10,H16+1,"") -> 45974 | I17: =TEXT(H17,"DDD") -> Thu | J17: =IFERROR(VLOOKUP(H17,Sheet1!$A:$B,2,0),"") -> Diwali | M17: =IFERROR(IF(K17=0,"",K17/L17),"") | P17: =IFERROR(IF(N17=0,"",N17/O17),"") | S17: =IFERROR(IF(Q17=0,"",Q17/R17),"") | U17: =K17+N17+Q17 -> 0 | V17: =L17+O17+R17 -> 0 | W17: =IFERROR(U17/V17,"0") -> 0 | X17: =U17-T17 -> 0 | Y17: =IFERROR(U17/T17,"0") -> 0
G18: 14 | H18: =IF(H17<$D$10,H17+1,"") -> 45975 | I18: =TEXT(H18,"DDD") -> Fri | J18: =IFERROR(VLOOKUP(H18,Sheet1!$A:$B,2,0),"") | M18: =IFERROR(IF(K18=0,"",K18/L18),"") | P18: =IFERROR(IF(N18=0,"",N18/O18),"") | S18: =IFERROR(IF(Q18=0,"",Q18/R18),"") | U18: =K18+N18+Q18 -> 0 | V18: =L18+O18+R18 -> 0 | W18: =IFERROR(U18/V18,"0") -> 0 | X18: =U18-T18 -> 0 | Y18: =IFERROR(U18/T18,"0") -> 0
G19: 15 | H19: =IF(H18<$D$10,H18+1,"") -> 45976 | I19: =TEXT(H19,"DDD") -> Sat | J19: =IFERROR(VLOOKUP(H19,Sheet1!$A:$B,2,0),"") | M19: =IFERROR(IF(K19=0,"",K19/L19),"") | P19: =IFERROR(IF(N19=0,"",N19/O19),"") | S19: =IFERROR(IF(Q19=0,"",Q19/R19),"") | U19: =K19+N19+Q19 -> 0 | V19: =L19+O19+R19 -> 0 | W19: =IFERROR(U19/V19,"0") -> 0 | X19: =U19-T19 -> 0 | Y19: =IFERROR(U19/T19,"0") -> 0
C20: Lowest Sale for the month | D20: =MIN(U8:U38) -> 0 | G20: 16 | H20: =IF(H19<$D$10,H19+1,"") -> 45977 | I20: =TEXT(H20,"DDD") -> Sun | J20: =IFERROR(VLOOKUP(H20,Sheet1!$A:$B,2,0),"") | M20: =IFERROR(IF(K20=0,"",K20/L20),"") | P20: =IFERROR(IF(N20=0,"",N20/O20),"") | S20: =IFERROR(IF(Q20=0,"",Q20/R20),"") | U20: =K20+N20+Q20 -> 0 | V20: =L20+O20+R20 -> 0 | W20: =IFERROR(U20/V20,"0") -> 0 | X20: =U20-T20 -> 0 | Y20: =IFERROR(U20/T20,"0") -> 0
G21: 17 | H21: =IF(H20<$D$10,H20+1,"") -> 45978 | I21: =TEXT(H21,"DDD") -> Mon | J21: =IFERROR(VLOOKUP(H21,Sheet1!$A:$B,2,0),"") | M21: =IFERROR(IF(K21=0,"",K21/L21),"") | P21: =IFERROR(IF(N21=0,"",N21/O21),"") | S21: =IFERROR(IF(Q21=0,"",Q21/R21),"") | U21: =K21+N21+Q21 -> 0 | V21: =L21+O21+R21 -> 0 | W21: =IFERROR(U21/V21,"0") -> 0 | X21: =U21-T21 -> 0 | Y21: =IFERROR(U21/T21,"0") -> 0
G22: 18 | H22: =IF(H21<$D$10,H21+1,"") -> 45979 | I22: =TEXT(H22,"DDD") -> Tue | J22: =IFERROR(VLOOKUP(H22,Sheet1!$A:$B,2,0),"") | M22: =IFERROR(IF(K22=0,"",K22/L22),"") | P22: =IFERROR(IF(N22=0,"",N22/O22),"") | S22: =IFERROR(IF(Q22=0,"",Q22/R22),"") | U22: =K22+N22+Q22 -> 0 | V22: =L22+O22+R22 -> 0 | W22: =IFERROR(U22/V22,"0") -> 0 | X22: =U22-T22 -> 0 | Y22: =IFERROR(U22/T22,"0") -> 0
C23: Target Achieved | D23: =IF(U36>T36,"Yes","No") -> No | G23: 19 | H23: =IF(H22<$D$10,H22+1,"") -> 45980 | I23: =TEXT(H23,"DDD") -> Wed | J23: =IFERROR(VLOOKUP(H23,Sheet1!$A:$B,2,0),"") | M23: =IFERROR(IF(K23=0,"",K23/L23),"") | P23: =IFERROR(IF(N23=0,"",N23/O23),"") | S23: =IFERROR(IF(Q23=0,"",Q23/R23),"") | U23: =K23+N23+Q23 -> 0 | V23: =L23+O23+R23 -> 0 | W23: =IFERROR(U23/V23,"0") -> 0 | X23: =U23-T23 -> 0 | Y23: =IFERROR(U23/T23,"0") -> 0
G24: 20 | H24: =IF(H23<$D$10,H23+1,"") -> 45981 | I24: =TEXT(H24,"DDD") -> Thu | J24: =IFERROR(VLOOKUP(H24,Sheet1!$A:$B,2,0),"") | M24: =IFERROR(IF(K24=0,"",K24/L24),"") | P24: =IFERROR(IF(N24=0,"",N24/O24),"") | S24: =IFERROR(IF(Q24=0,"",Q24/R24),"") | U24: =K24+N24+Q24 -> 0 | V24: =L24+O24+R24 -> 0 | W24: =IFERROR(U24/V24,"0") -> 0 | X24: =U24-T24 -> 0 | Y24: =IFERROR(U24/T24,"0") -> 0
C25: Sales Till Date | D25: =U36 -> 0 | G25: 21 | H25: =IF(H24<$D$10,H24+1,"") -> 45982 | I25: =TEXT(H25,"DDD") -> Fri | J25: =IFERROR(VLOOKUP(H25,Sheet1!$A:$B,2,0),"") | M25: =IFERROR(IF(K25=0,"",K25/L25),"") | P25: =IFERROR(IF(N25=0,"",N25/O25),"") | S25: =IFERROR(IF(Q25=0,"",Q25/R25),"") | U25: =K25+N25+Q25 -> 0 | V25: =L25+O25+R25 -> 0 | W25: =IFERROR(U25/V25,"0") -> 0 | X25: =U25-T25 -> 0 | Y25: =IFERROR(U25/T25,"0") -> 0
G26: 22 | H26: =IF(H25<$D$10,H25+1,"") -> 45983 | I26: =TEXT(H26,"DDD") -> Sat | J26: =IFERROR(VLOOKUP(H26,Sheet1!$A:$B,2,0),"") | M26: =IFERROR(IF(K26=0,"",K26/L26),"") | P26: =IFERROR(IF(N26=0,"",N26/O26),"") | S26: =IFERROR(IF(Q26=0,"",Q26/R26),"") | U26: =K26+N26+Q26 -> 0 | V26: =L26+O26+R26 -> 0 | W26: =IFERROR(U26/V26,"0") -> 0 | X26: =U26-T26 -> 0 | Y26: =IFERROR(U26/T26,"0") -> 0
C27: Average Sales | D27: =IFERROR(AVERAGE(U5:U35),"0") -> 0 | G27: 23 | H27: =IF(H26<$D$10,H26+1,"") -> 45984 | I27: =TEXT(H27,"DDD") -> Sun | J27: =IFERROR(VLOOKUP(H27,Sheet1!$A:$B,2,0),"") | M27: =IFERROR(IF(K27=0,"",K27/L27),"") | P27: =IFERROR(IF(N27=0,"",N27/O27),"") | S27: =IFERROR(IF(Q27=0,"",Q27/R27),"") | U27: =K27+N27+Q27 -> 0 | V27: =L27+O27+R27 -> 0 | W27: =IFERROR(U27/V27,"0") -> 0 | X27: =U27-T27 -> 0 | Y27: =IFERROR(U27/T27,"0") -> 0
C28: Dine in Sales | D28: =K36 -> 0 | G28: 24 | H28: =IF(H27<$D$10,H27+1,"") -> 45985 | I28: =TEXT(H28,"DDD") -> Mon | J28: =IFERROR(VLOOKUP(H28,Sheet1!$A:$B,2,0),"") | M28: =IFERROR(IF(K28=0,"",K28/L28),"") | P28: =IFERROR(IF(N28=0,"",N28/O28),"") | S28: =IFERROR(IF(Q28=0,"",Q28/R28),"") | U28: =K28+N28+Q28 -> 0 | V28: =L28+O28+R28 -> 0 | W28: =IFERROR(U28/V28,"0") -> 0 | X28: =U28-T28 -> 0 | Y28: =IFERROR(U28/T28,"0") -> 0
C29: Takeaway Sales | D29: =N36 -> 0 | G29: 25 | H29: =IF(H28<$D$10,H28+1,"") -> 45986 | I29: =TEXT(H29,"DDD") -> Tue | J29: =IFERROR(VLOOKUP(H29,Sheet1!$A:$B,2,0),"") | M29: =IFERROR(IF(K29=0,"",K29/L29),"") | P29: =IFERROR(IF(N29=0,"",N29/O29),"") | S29: =IFERROR(IF(Q29=0,"",Q29/R29),"") | U29: =K29+N29+Q29 -> 0 | V29: =L29+O29+R29 -> 0 | W29: =IFERROR(U29/V29,"0") -> 0 | X29: =U29-T29 -> 0 | Y29: =IFERROR(U29/T29,"0") -> 0
C30: Delivery Sales | D30: =Q36 -> 0 | G30: 26 | H30: =IF(H29<$D$10,H29+1,"") -> 45987 | I30: =TEXT(H30,"DDD") -> Wed | J30: =IFERROR(VLOOKUP(H30,Sheet1!$A:$B,2,0),"") | M30: =IFERROR(IF(K30=0,"",K30/L30),"") | P30: =IFERROR(IF(N30=0,"",N30/O30),"") | S30: =IFERROR(IF(Q30=0,"",Q30/R30),"") | U30: =K30+N30+Q30 -> 0 | V30: =L30+O30+R30 -> 0 | W30: =IFERROR(U30/V30,"0") -> 0 | X30: =U30-T30 -> 0 | Y30: =IFERROR(U30/T30,"0") -> 0
G31: 27 | H31: =IF(H30<$D$10,H30+1,"") -> 45988 | I31: =TEXT(H31,"DDD") -> Thu | J31: =IFERROR(VLOOKUP(H31,Sheet1!$A:$B,2,0),"") -> Guru Nanak Jayanti | M31: =IFERROR(IF(K31=0,"",K31/L31),"") | P31: =IFERROR(IF(N31=0,"",N31/O31),"") | S31: =IFERROR(IF(Q31=0,"",Q31/R31),"") | U31: =K31+N31+Q31 -> 0 | V31: =L31+O31+R31 -> 0 | W31: =IFERROR(U31/V31,"0") -> 0 | X31: =U31-T31 -> 0 | Y31: =IFERROR(U31/T31,"0") -> 0
C32: Total Sales | D32: =SUM(D28:D30) -> 0 | G32: 28 | H32: =IF(H31<$D$10,H31+1,"") -> 45989 | I32: =TEXT(H32,"DDD") -> Fri | J32: =IFERROR(VLOOKUP(H32,Sheet1!$A:$B,2,0),"") | M32: =IFERROR(IF(K32=0,"",K32/L32),"") | P32: =IFERROR(IF(N32=0,"",N32/O32),"") | S32: =IFERROR(IF(Q32=0,"",Q32/R32),"") | U32: =K32+N32+Q32 -> 0 | V32: =L32+O32+R32 -> 0 | W32: =IFERROR(U32/V32,"0") -> 0 | X32: =U32-T32 -> 0 | Y32: =IFERROR(U32/T32,"0") -> 0
C33: Last year sales | D33: 5000 | G33: 29 | H33: =IF(H32<$D$10,H32+1,"") -> 45990 | I33: =TEXT(H33,"DDD") -> Sat | J33: =IFERROR(VLOOKUP(H33,Sheet1!$A:$B,2,0),"") | M33: =IFERROR(IF(K33=0,"",K33/L33),"") | P33: =IFERROR(IF(N33=0,"",N33/O33),"") | S33: =IFERROR(IF(Q33=0,"",Q33/R33),"") | U33: =K33+N33+Q33 -> 0 | V33: =L33+O33+R33 -> 0 | W33: =IFERROR(U33/V33,"0") -> 0 | X33: =U33-T33 -> 0 | Y33: =IFERROR(U33/T33,"0") -> 0
C34: Growth | D34: =D32-D33 -> -5000 | G34: 30 | H34: =IF(H33<$D$10,H33+1,"") -> 45991 | I34: =TEXT(H34,"DDD") -> Sun | J34: =IFERROR(VLOOKUP(H34,Sheet1!$A:$B,2,0),"") | M34: =IFERROR(IF(K34=0,"",K34/L34),"") | P34: =IFERROR(IF(N34=0,"",N34/O34),"") | S34: =IFERROR(IF(Q34=0,"",Q34/R34),"") | U34: =K34+N34+Q34 -> 0 | V34: =L34+O34+R34 -> 0 | W34: =IFERROR(U34/V34,"0") -> 0 | X34: =U34-T34 -> 0 | Y34: =IFERROR(U34/T34,"0") -> 0
C35: Growth % | D35: =IFERROR((D32-D33)/D33,"0") -> -1 | G35: 31 | H35: =IF(H34<$D$10,H34+1,"") | I35: =TEXT(H35,"DDD") | J35: =IFERROR(VLOOKUP(H35,Sheet1!$A:$B,2,0),"") | M35: =IFERROR(IF(K35=0,"",K35/L35),"") | P35: =IFERROR(IF(N35=0,"",N35/O35),"") | S35: =IFERROR(IF(Q35=0,"",Q35/R35),"") | U35: =K35+N35+Q35 -> 0 | V35: =L35+O35+R35 -> 0 | W35: =IFERROR(U35/V35,"0") -> 0 | X35: =U35-T35 -> 0 | Y35: =IFERROR(U35/T35,"0") -> 0
G36: Total | K36: =SUM(K5:K35) -> 0 | L36: =SUM(L5:L35) -> 0 | M36: =IFERROR(K36/L36,"0") -> 0 | N36: =SUM(N5:N35) -> 0 | O36: =SUM(O5:O35) -> 0 | P36: =IFERROR(N36/O36,"0") -> 0 | Q36: =SUM(Q5:Q35) -> 0 | R36: =SUM(R5:R35) -> 0 | S36: =IFERROR(Q36/R36,"0") -> 0 | T36: =SUM(T5:T35) -> 0 | U36: =SUM(U5:U35) -> 0 | V36: =SUM(V5:V35) -> 0 | W36: =IFERROR(U36/V36,"0") -> 0 | X36: =SUM(X5:X35) -> 0 | Y36: =SUM(Y5:Y35) -> 0

Sheet Dec
B2: Summary
G3: Daily Sales Report | T3: Consolidated
C4: Month | D4: Dec | G4: Sr No. | H4: Date | I4: Day | J4: Holidays | K4: Dine in Sales | L4: Dine in Tkts. | M4: APC/APT(Avg. /Transaction) | N4: TA Sales | O4: TA Tkts. | P4: APC/APT(Avg. /Transaction) | Q4: Delivery Sales | R4: Delivery Tkts. | S4: APC/APT(Avg. /Transaction) | T4: Target Sales | U4: Total Sales | V4: Total Tkts. | W4: APC/APT | X4: Target vs Acheived | Y4: %
G5: 1 | H5: =D8 -> 45992 | I5: =TEXT(H5,"DDD") -> Mon | J5: =IFERROR(VLOOKUP(H5,Sheet1!$A:$B,2,0),"") | M5: =IFERROR(IF(K5=0,"",K5/L5),"") | P5: =IFERROR(IF(N5=0,"",N5/O5),"") | S5: =IFERROR(IF(Q5=0,"",Q5/R5),"") | U5: =K5+N5+Q5 -> 0 | V5: =L5+O5+R5 -> 0 | W5: =IFERROR(U5/V5,"0") -> 0 | X5: =U5-T5 -> 0 | Y5: =IFERROR(U5/T5,"0") -> 0
C6: Year | D6: 2025 | G6: 2 | H6: =IF(H5<$D$10,H5+1,"") -> 45993 | I6: =TEXT(H6,"DDD") -> Tue | J6: =IFERROR(VLOOKUP(H6,Sheet1!$A:$B,2,0),"") | M6: =IFERROR(IF(K6=0,"",K6/L6),"") | P6: =IFERROR(IF(N6=0,"",N6/O6),"") | S6: =IFERROR(IF(Q6=0,"",Q6/R6),"") | U6: =K6+N6+Q6 -> 0 | V6: =L6+O6+R6 -> 0 | W6: =IFERROR(U6/V6,"0") -> 0 | X6: =U6-T6 -> 0 | Y6: =IFERROR(U6/T6,"0") -> 0
G7: 3 | H7: =IF(H6<$D$10,H6+1,"") -> 45994 | I7: =TEXT(H7,"DDD") -> Wed | J7: =IFERROR(VLOOKUP(H7,Sheet1!$A:$B,2,0),"") | M7: =IFERROR(IF(K7=0,"",K7/L7),"") | P7: =IFERROR(IF(N7=0,"",N7/O7),"") | S7: =IFERROR(IF(Q7=0,"",Q7/R7),"") | U7: =K7+N7+Q7 -> 0 | V7: =L7+O7+R7 -> 0 | W7: =IFERROR(U7/V7,"0") -> 0 | X7: =U7-T7 -> 0 | Y7: =IFERROR(U7/T7,"0") -> 0
C8: Start Date | D8: =DATEVALUE("01"&D4&D6) -> 45992 | G8: 4 | H8: =IF(H7<$D$10,H7+1,"") -> 45995 | I8: =TEXT(H8,"DDD") -> Thu | J8: =IFERROR(VLOOKUP(H8,Sheet1!$A:$B,2,0),"") | M8: =IFERROR(IF(K8=0,"",K8/L8),"") | P8: =IFERROR(IF(N8=0,"",N8/O8),"") | S8: =IFERROR(IF(Q8=0,"",Q8/R8),"") | U8: =K8+N8+Q8 -> 0 | V8: =L8+O8+R8 -> 0 | W8: =IFERROR(U8/V8,"0") -> 0 | X8: =U8-T8 -> 0 | Y8: =IFERROR(U8/T8,"0") -> 0
G9: 5 | H9: =IF(H8<$D$10,H8+1,"") -> 45996 | I9: =TEXT(H9,"DDD") -> Fri | J9: =IFERROR(VLOOKUP(H9,Sheet1!$A:$B,2,0),"") | M9: =IFERROR(IF(K9=0,"",K9/L9),"") | P9: =IFERROR(IF(N9=0,"",N9/O9),"") | S9: =IFERROR(IF(Q9=0,"",Q9/R9),"") | U9: =K9+N9+Q9 -> 0 | V9: =L9+O9+R9 -> 0 | W9: =IFERROR(U9/V9,"0") -> 0 | X9: =U9-T9 -> 0 | Y9: =IFERROR(U9/T9,"0") -> 0
C10: End Date | D10: =EOMONTH(D8,0) -> 46022 | G10: 6 | H10: =IF(H9<$D$10,H9+1,"") -> 45997 | I10: =TEXT(H10,"DDD") -> Sat | J10: =IFERROR(VLOOKUP(H10,Sheet1!$A:$B,2,0),"") | M10: =IFERROR(IF(K10=0,"",K10/L10),"") | P10: =IFERROR(IF(N10=0,"",N10/O10),"") | S10: =IFERROR(IF(Q10=0,"",Q10/R10),"") | U10: =K10+N10+Q10 -> 0 | V10: =L10+O10+R10 -> 0 | W10: =IFERROR(U10/V10,"0") -> 0 | X10: =U10-T10 -> 0 | Y10: =IFERROR(U10/T10,"0") -> 0
G11: 7 | H11: =IF(H10<$D$10,H10+1,"") -> 45998 | I11: =TEXT(H11,"DDD") -> Sun | J11: =IFERROR(VLOOKUP(H11,Sheet1!$A:$B,2,0),"") | M11: =IFERROR(IF(K11=0,"",K11/L11),"") | P11: =IFERROR(IF(N11=0,"",N11/O11),"") | S11: =IFERROR(IF(Q11=0,"",Q11/R11),"") | U11: =K11+N11+Q11 -> 0 | V11: =L11+O11+R11 -> 0 | W11: =IFERROR(U11/V11,"0") -> 0 | X11: =U11-T11 -> 0 | Y11: =IFERROR(U11/T11,"0") -> 0
C12: Total Days | D12: =COUNT(H5:H35) -> 31 | G12: 8 | H12: =IF(H11<$D$10,H11+1,"") -> 45999 | I12: =TEXT(H12,"DDD") -> Mon | J12: =IFERROR(VLOOKUP(H12,Sheet1!$A:$B,2,0),"") | M12: =IFERROR(IF(K12=0,"",K12/L12),"") | P12: =IFERROR(IF(N12=0,"",N12/O12),"") | S12: =IFERROR(IF(Q12=0,"",Q12/R12),"") | U12: =K12+N12+Q12 -> 0 | V12: =L12+O12+R12 -> 0 | W12: =IFERROR(U12/V12,"0") -> 0 | X12: =U12-T12 -> 0 | Y12: =IFERROR(U12/T12,"0") -> 0
G13: 9 | H13: =IF(H12<$D$10,H12+1,"") -> 46000 | I13: =TEXT(H13,"DDD") -> Tue | J13: =IFERROR(VLOOKUP(H13,Sheet1!$A:$B,2,0),"") | M13: =IFERROR(IF(K13=0,"",K13/L13),"") | P13: =IFERROR(IF(N13=0,"",N13/O13),"") | S13: =IFERROR(IF(Q13=0,"",Q13/R13),"") | U13: =K13+N13+Q13 -> 0 | V13: =L13+O13+R13 -> 0 | W13: =IFERROR(U13/V13,"0") -> 0 | X13: =U13-T13 -> 0 | Y13: =IFERROR(U13/T13,"0") -> 0
C14: Total Sat | D14: =COUNTIF(I5:I35,"Sat") -> 4 | G14: 10 | H14: =IF(H13<$D$10,H13+1,"") -> 46001 | I14: =TEXT(H14,"DDD") -> Wed | J14: =IFERROR(VLOOKUP(H14,Sheet1!$A:$B,2,0),"") | M14: =IFERROR(IF(K14=0,"",K14/L14),"") | P14: =IFERROR(IF(N14=0,"",N14/O14),"") | S14: =IFERROR(IF(Q14=0,"",Q14/R14),"") | U14: =K14+N14+Q14 -> 0 | V14: =L14+O14+R14 -> 0 | W14: =IFERROR(U14/V14,"0") -> 0 | X14: =U14-T14 -> 0 | Y14: =IFERROR(U14/T14,"0") -> 0
C15: Total Sun | D15: =COUNTIF(I5:I35,"Sun") -> 4 | G15: 11 | H15: =IF(H14<$D$10,H14+1,"") -> 46002 | I15: =TEXT(H15,"DDD") -> Thu | J15: =IFERROR(VLOOKUP(H15,Sheet1!$A:$B,2,0),"") | M15: =IFERROR(IF(K15=0,"",K15/L15),"") | P15: =IFERROR(IF(N15=0,"",N15/O15),"") | S15: =IFERROR(IF(Q15=0,"",Q15/R15),"") | U15: =K15+N15+Q15 -> 0 | V15: =L15+O15+R15 -> 0 | W15: =IFERROR(U15/V15,"0") -> 0 | X15: =U15-T15 -> 0 | Y15: =IFERROR(U15/T15,"0") -> 0
G16: 12 | H16: =IF(H15<$D$10,H15+1,"") -> 46003 | I16: =TEXT(H16,"DDD") -> Fri | J16: =IFERROR(VLOOKUP(H16,Sheet1!$A:$B,2,0),"") | M16: =IFERROR(IF(K16=0,"",K16/L16),"") | P16: =IFERROR(IF(N16=0,"",N16/O16),"") | S16: =IFERROR(IF(Q16=0,"",Q16/R16),"") | U16: =K16+N16+Q16 -> 0 | V16: =L16+O16+R16 -> 0 | W16: =IFERROR(U16/V16,"0") -> 0 | X16: =U16-T16 -> 0 | Y16: =IFERROR(U16/T16,"0") -> 0
C17: Highest Sale for the month | D17: =MAX(U5:U35) -> 0 | G17: 13 | H17: =IF(H16<$D$10,H16+1,"") -> 46004 | I17: =TEXT(H17,"DDD") -> Sat | J17: =IFERROR(VLOOKUP(H17,Sheet1!$A:$B,2,0),"") | M17: =IFERROR(IF(K17=0,"",K17/L17),"") | P17: =IFERROR(IF(N17=0,"",N17/O17),"") | S17: =IFERROR(IF(Q17=0,"",Q17/R17),"") | U17: =K17+N17+Q17 -> 0 | V17: =L17+O17+R17 -> 0 | W17: =IFERROR(U17/V17,"0") -> 0 | X17: =U17-T17 -> 0 | Y17: =IFERROR(U17/T17,"0") -> 0
G18: 14 | H18: =IF(H17<$D$10,H17+1,"") -> 46005 | I18: =TEXT(H18,"DDD") -> Sun | J18: =IFERROR(VLOOKUP(H18,Sheet1!$A:$B,2,0),"") | M18: =IFERROR(IF(K18=0,"",K18/L18),"") | P18: =IFERROR(IF(N18=0,"",N18/O18),"") | S18: =IFERROR(IF(Q18=0,"",Q18/R18),"") | U18: =K18+N18+Q18 -> 0 | V18: =L18+O18+R18 -> 0 | W18: =IFERROR(U18/V18,"0") -> 0 | X18: =U18-T18 -> 0 | Y18: =IFERROR(U18/T18,"0") -> 0
G19: 15 | H19: =IF(H18<$D$10,H18+1,"") -> 46006 | I19: =TEXT(H19,"DDD") -> Mon | J19: =IFERROR(VLOOKUP(H19,Sheet1!$A:$B,2,0),"") | M19: =IFERROR(IF(K19=0,"",K19/L19),"") | P19: =IFERROR(IF(N19=0,"",N19/O19),"") | S19: =IFERROR(IF(Q19=0,"",Q19/R19),"") | U19: =K19+N19+Q19 -> 0 | V19: =L19+O19+R19 -> 0 | W19: =IFERROR(U19/V19,"0") -> 0 | X19: =U19-T19 -> 0 | Y19: =IFERROR(U19/T19,"0") -> 0
C20: Lowest Sale for the month | D20: =MIN(U8:U38) -> 0 | G20: 16 | H20: =IF(H19<$D$10,H19+1,"") -> 46007 | I20: =TEXT(H20,"DDD") -> Tue | J20: =IFERROR(VLOOKUP(H20,Sheet1!$A:$B,2,0),"") | M20: =IFERROR(IF(K20=0,"",K20/L20),"") | P20: =IFERROR(IF(N20=0,"",N20/O20),"") | S20: =IFERROR(IF(Q20=0,"",Q20/R20),"") | U20: =K20+N20+Q20 -> 0 | V20: =L20+O20+R20 -> 0 | W20: =IFERROR(U20/V20,"0") -> 0 | X20: =U20-T20 -> 0 | Y20: =IFERROR(U20/T20,"0") -> 0
G21: 17 | H21: =IF(H20<$D$10,H20+1,"") -> 46008 | I21: =TEXT(H21,"DDD") -> Wed | J21: =IFERROR(VLOOKUP(H21,Sheet1!$A:$B,2,0),"") | M21: =IFERROR(IF(K21=0,"",K21/L21),"") | P21: =IFERROR(IF(N21=0,"",N21/O21),"") | S21: =IFERROR(IF(Q21=0,"",Q21/R21),"") | U21: =K21+N21+Q21 -> 0 | V21: =L21+O21+R21 -> 0 | W21: =IFERROR(U21/V21,"0") -> 0 | X21: =U21-T21 -> 0 | Y21: =IFERROR(U21/T21,"0") -> 0
G22: 18 | H22: =IF(H21<$D$10,H21+1,"") -> 46009 | I22: =TEXT(H22,"DDD") -> Thu | J22: =IFERROR(VLOOKUP(H22,Sheet1!$A:$B,2,0),"") | M22: =IFERROR(IF(K22=0,"",K22/L22),"") | P22: =IFERROR(IF(N22=0,"",N22/O22),"") | S22: =IFERROR(IF(Q22=0,"",Q22/R22),"") | U22: =K22+N22+Q22 -> 0 | V22: =L22+O22+R22 -> 0 | W22: =IFERROR(U22/V22,"0") -> 0 | X22: =U22-T22 -> 0 | Y22: =IFERROR(U22/T22,"0") -> 0
C23: Target Achieved | D23: =IF(U36>T36,"Yes","No") -> No | G23: 19 | H23: =IF(H22<$D$10,H22+1,"") -> 46010 | I23: =TEXT(H23,"DDD") -> Fri | J23: =IFERROR(VLOOKUP(H23,Sheet1!$A:$B,2,0),"") | M23: =IFERROR(IF(K23=0,"",K23/L23),"") | P23: =IFERROR(IF(N23=0,"",N23/O23),"") | S23: =IFERROR(IF(Q23=0,"",Q23/R23),"") | U23: =K23+N23+Q23 -> 0 | V23: =L23+O23+R23 -> 0 | W23: =IFERROR(U23/V23,"0") -> 0 | X23: =U23-T23 -> 0 | Y23: =IFERROR(U23/T23,"0") -> 0
G24: 20 | H24: =IF(H23<$D$10,H23+1,"") -> 46011 | I24: =TEXT(H24,"DDD") -> Sat | J24: =IFERROR(VLOOKUP(H24,Sheet1!$A:$B,2,0),"") | M24: =IFERROR(IF(K24=0,"",K24/L24),"") | P24: =IFERROR(IF(N24=0,"",N24/O24),"") | S24: =IFERROR(IF(Q24=0,"",Q24/R24),"") | U24: =K24+N24+Q24 -> 0 | V24: =L24+O24+R24 -> 0 | W24: =IFERROR(U24/V24,"0") -> 0 | X24: =U24-T24 -> 0 | Y24: =IFERROR(U24/T24,"0") -> 0
C25: Sales Till Date | D25: =U36 -> 0 | G25: 21 | H25: =IF(H24<$D$10,H24+1,"") -> 46012 | I25: =TEXT(H25,"DDD") -> Sun | J25: =IFERROR(VLOOKUP(H25,Sheet1!$A:$B,2,0),"") | M25: =IFERROR(IF(K25=0,"",K25/L25),"") | P25: =IFERROR(IF(N25=0,"",N25/O25),"") | S25: =IFERROR(IF(Q25=0,"",Q25/R25),"") | U25: =K25+N25+Q25 -> 0 | V25: =L25+O25+R25 -> 0 | W25: =IFERROR(U25/V25,"0") -> 0 | X25: =U25-T25 -> 0 | Y25: =IFERROR(U25/T25,"0") -> 0
G26: 22 | H26: =IF(H25<$D$10,H25+1,"") -> 46013 | I26: =TEXT(H26,"DDD") -> Mon | J26: =IFERROR(VLOOKUP(H26,Sheet1!$A:$B,2,0),"") | M26: =IFERROR(IF(K26=0,"",K26/L26),"") | P26: =IFERROR(IF(N26=0,"",N26/O26),"") | S26: =IFERROR(IF(Q26=0,"",Q26/R26),"") | U26: =K26+N26+Q26 -> 0 | V26: =L26+O26+R26 -> 0 | W26: =IFERROR(U26/V26,"0") -> 0 | X26: =U26-T26 -> 0 | Y26: =IFERROR(U26/T26,"0") -> 0
C27: Average Sales | D27: =IFERROR(AVERAGE(U5:U35),"0") -> 0 | G27: 23 | H27: =IF(H26<$D$10,H26+1,"") -> 46014 | I27: =TEXT(H27,"DDD") -> Tue | J27: =IFERROR(VLOOKUP(H27,Sheet1!$A:$B,2,0),"") | M27: =IFERROR(IF(K27=0,"",K27/L27),"") | P27: =IFERROR(IF(N27=0,"",N27/O27),"") | S27: =IFERROR(IF(Q27=0,"",Q27/R27),"") | U27: =K27+N27+Q27 -> 0 | V27: =L27+O27+R27 -> 0 | W27: =IFERROR(U27/V27,"0") -> 0 | X27: =U27-T27 -> 0 | Y27: =IFERROR(U27/T27,"0") -> 0
C28: Dine in Sales | D28: =K36 -> 0 | G28: 24 | H28: =IF(H27<$D$10,H27+1,"") -> 46015 | I28: =TEXT(H28,"DDD") -> Wed | J28: =IFERROR(VLOOKUP(H28,Sheet1!$A:$B,2,0),"") | M28: =IFERROR(IF(K28=0,"",K28/L28),"") | P28: =IFERROR(IF(N28=0,"",N28/O28),"") | S28: =IFERROR(IF(Q28=0,"",Q28/R28),"") | U28: =K28+N28+Q28 -> 0 | V28: =L28+O28+R28 -> 0 | W28: =IFERROR(U28/V28,"0") -> 0 | X28: =U28-T28 -> 0 | Y28: =IFERROR(U28/T28,"0") -> 0
C29: Takeaway Sales | D29: =N36 -> 0 | G29: 25 | H29: =IF(H28<$D$10,H28+1,"") -> 46016 | I29: =TEXT(H29,"DDD") -> Thu | J29: =IFERROR(VLOOKUP(H29,Sheet1!$A:$B,2,0),"") -> Christmas | M29: =IFERROR(IF(K29=0,"",K29/L29),"") | P29: =IFERROR(IF(N29=0,"",N29/O29),"") | S29: =IFERROR(IF(Q29=0,"",Q29/R29),"") | U29: =K29+N29+Q29 -> 0 | V29: =L29+O29+R29 -> 0 | W29: =IFERROR(U29/V29,"0") -> 0 | X29: =U29-T29 -> 0 | Y29: =IFERROR(U29/T29,"0") -> 0
C30: Delivery Sales | D30: =Q36 -> 0 | G30: 26 | H30: =IF(H29<$D$10,H29+1,"") -> 46017 | I30: =TEXT(H30,"DDD") -> Fri | J30: =IFERROR(VLOOKUP(H30,Sheet1!$A:$B,2,0),"") | M30: =IFERROR(IF(K30=0,"",K30/L30),"") | P30: =IFERROR(IF(N30=0,"",N30/O30),"") | S30: =IFERROR(IF(Q30=0,"",Q30/R30),"") | U30: =K30+N30+Q30 -> 0 | V30: =L30+O30+R30 -> 0 | W30: =IFERROR(U30/V30,"0") -> 0 | X30: =U30-T30 -> 0 | Y30: =IFERROR(U30/T30,"0") -> 0
G31: 27 | H31: =IF(H30<$D$10,H30+1,"") -> 46018 | I31: =TEXT(H31,"DDD") -> Sat | J31: =IFERROR(VLOOKUP(H31,Sheet1!$A:$B,2,0),"") | M31: =IFERROR(IF(K31=0,"",K31/L31),"") | P31: =IFERROR(IF(N31=0,"",N31/O31),"") | S31: =IFERROR(IF(Q31=0,"",Q31/R31),"") | U31: =K31+N31+Q31 -> 0 | V31: =L31+O31+R31 -> 0 | W31: =IFERROR(U31/V31,"0") -> 0 | X31: =U31-T31 -> 0 | Y31: =IFERROR(U31/T31,"0") -> 0
C32: Total Sales | D32: =SUM(D28:D30) -> 0 | G32: 28 | H32: =IF(H31<$D$10,H31+1,"") -> 46019 | I32: =TEXT(H32,"DDD") -> Sun | J32: =IFERROR(VLOOKUP(H32,Sheet1!$A:$B,2,0),"") | M32: =IFERROR(IF(K32=0,"",K32/L32),"") | P32: =IFERROR(IF(N32=0,"",N32/O32),"") | S32: =IFERROR(IF(Q32=0,"",Q32/R32),"") | U32: =K32+N32+Q32 -> 0 | V32: =L32+O32+R32 -> 0 | W32: =IFERROR(U32/V32,"0") -> 0 | X32: =U32-T32 -> 0 | Y32: =IFERROR(U32/T32,"0") -> 0
C33: Last year sales | D33: 5000 | G33: 29 | H33: =IF(H32<$D$10,H32+1,"") -> 46020 | I33: =TEXT(H33,"DDD") -> Mon | J33: =IFERROR(VLOOKUP(H33,Sheet1!$A:$B,2,0),"") | M33: =IFERROR(IF(K33=0,"",K33/L33),"") | P33: =IFERROR(IF(N33=0,"",N33/O33),"") | S33: =IFERROR(IF(Q33=0,"",Q33/R33),"") | U33: =K33+N33+Q33 -> 0 | V33: =L33+O33+R33 -> 0 | W33: =IFERROR(U33/V33,"0") -> 0 | X33: =U33-T33 -> 0 | Y33: =IFERROR(U33/T33,"0") -> 0
C34: Growth | D34: =D32-D33 -> -5000 | G34: 30 | H34: =IF(H33<$D$10,H33+1,"") -> 46021 | I34: =TEXT(H34,"DDD") -> Tue | J34: =IFERROR(VLOOKUP(H34,Sheet1!$A:$B,2,0),"") | M34: =IFERROR(IF(K34=0,"",K34/L34),"") | P34: =IFERROR(IF(N34=0,"",N34/O34),"") | S34: =IFERROR(IF(Q34=0,"",Q34/R34),"") | U34: =K34+N34+Q34 -> 0 | V34: =L34+O34+R34 -> 0 | W34: =IFERROR(U34/V34,"0") -> 0 | X34: =U34-T34 -> 0 | Y34: =IFERROR(U34/T34,"0") -> 0
C35: Growth % | D35: =IFERROR((D32-D33)/D33,"0") -> -1 | G35: 31 | H35: =IF(H34<$D$10,H34+1,"") -> 46022 | I35: =TEXT(H35,"DDD") -> Wed | J35: =IFERROR(VLOOKUP(H35,Sheet1!$A:$B,2,0),"") | M35: =IFERROR(IF(K35=0,"",K35/L35),"") | P35: =IFERROR(IF(N35=0,"",N35/O35),"") | S35: =IFERROR(IF(Q35=0,"",Q35/R35),"") | U35: =K35+N35+Q35 -> 0 | V35: =L35+O35+R35 -> 0 | W35: =IFERROR(U35/V35,"0") -> 0 | X35: =U35-T35 -> 0 | Y35: =IFERROR(U35/T35,"0") -> 0
G36: Total | K36: =SUM(K5:K35) -> 0 | L36: =SUM(L5:L35) -> 0 | M36: =IFERROR(K36/L36,"0") -> 0 | N36: =SUM(N5:N35) -> 0 | O36: =SUM(O5:O35) -> 0 | P36: =IFERROR(N36/O36,"0") -> 0 | Q36: =SUM(Q5:Q35) -> 0 | R36: =SUM(R5:R35) -> 0 | S36: =IFERROR(Q36/R36,"0") -> 0 | T36: =SUM(T5:T35) -> 0 | U36: =SUM(U5:U35) -> 0 | V36: =SUM(V5:V35) -> 0 | W36: =IFERROR(U36/V36,"0") -> 0 | X36: =SUM(X5:X35) -> 0 | Y36: =SUM(Y5:Y35) -> 0

Sheet Consolidated
B2: Summary
H3: Consolidated / Summary
C4: Month | D4: Yearly | G4: Sr No. | H4: Target Sales | I4: Total Sales | J4: Total Tkts. | K4: APC/APT | L4: Target vs Acheived | M4: %
G5: 1 | H5: =SUM(Jan:Dec!T5) -> 0 | I5: =SUM(Jan:Dec!U5) -> 0 | J5: =SUM(Jan:Dec!V5) -> 0 | K5: =IFERROR(I5/J5,"0") -> 0 | L5: =SUM(Jan:Dec!X5) -> 0 | M5: =IFERROR(I5/H5,"0") -> 0
C6: Year | D6: 2025 | G6: 2 | H6: =SUM(Jan:Dec!T6) -> 0 | I6: =SUM(Jan:Dec!U6) -> 0 | J6: =SUM(Jan:Dec!V6) -> 0 | K6: =IFERROR(I6/J6,"0") -> 0 | L6: =SUM(Jan:Dec!X6) -> 0 | M6: =IFERROR(I6/H6,"0") -> 0
G7: 3 | H7: =SUM(Jan:Dec!T7) -> 0 | I7: =SUM(Jan:Dec!U7) -> 0 | J7: =SUM(Jan:Dec!V7) -> 0 | K7: =IFERROR(I7/J7,"0") -> 0 | L7: =SUM(Jan:Dec!X7) -> 0 | M7: =IFERROR(I7/H7,"0") -> 0
C8: Start Month | D8: Jan | G8: 4 | H8: =SUM(Jan:Dec!T8) -> 0 | I8: =SUM(Jan:Dec!U8) -> 0 | J8: =SUM(Jan:Dec!V8) -> 0 | K8: =IFERROR(I8/J8,"0") -> 0 | L8: =SUM(Jan:Dec!X8) -> 0 | M8: =IFERROR(I8/H8,"0") -> 0
G9: 5 | H9: =SUM(Jan:Dec!T9) -> 0 | I9: =SUM(Jan:Dec!U9) -> 0 | J9: =SUM(Jan:Dec!V9) -> 0 | K9: =IFERROR(I9/J9,"0") -> 0 | L9: =SUM(Jan:Dec!X9) -> 0 | M9: =IFERROR(I9/H9,"0") -> 0
C10: End Month | D10: Dec | G10: 6 | H10: =SUM(Jan:Dec!T10) -> 0 | I10: =SUM(Jan:Dec!U10) -> 0 | J10: =SUM(Jan:Dec!V10) -> 0 | K10: =IFERROR(I10/J10,"0") -> 0 | L10: =SUM(Jan:Dec!X10) -> 0 | M10: =IFERROR(I10/H10,"0") -> 0
G11: 7 | H11: =SUM(Jan:Dec!T11) -> 0 | I11: =SUM(Jan:Dec!U11) -> 0 | J11: =SUM(Jan:Dec!V11) -> 0 | K11: =IFERROR(I11/J11,"0") -> 0 | L11: =SUM(Jan:Dec!X11) -> 0 | M11: =IFERROR(I11/H11,"0") -> 0
C12: Total Days | D12: =SUM(Jan:Dec!D12) -> 365 | G12: 8 | H12: =SUM(Jan:Dec!T12) -> 0 | I12: =SUM(Jan:Dec!U12) -> 0 | J12: =SUM(Jan:Dec!V12) -> 0 | K12: =IFERROR(I12/J12,"0") -> 0 | L12: =SUM(Jan:Dec!X12) -> 0 | M12: =IFERROR(I12/H12,"0") -> 0
G13: 9 | H13: =SUM(Jan:Dec!T13) -> 0 | I13: =SUM(Jan:Dec!U13) -> 0 | J13: =SUM(Jan:Dec!V13) -> 0 | K13: =IFERROR(I13/J13,"0") -> 0 | L13: =SUM(Jan:Dec!X13) -> 0 | M13: =IFERROR(I13/H13,"0") -> 0
C14: Total Sat | D14: =SUM(Jan:Dec!D14) -> 52 | G14: 10 | H14: =SUM(Jan:Dec!T14) -> 0 | I14: =SUM(Jan:Dec!U14) -> 0 | J14: =SUM(Jan:Dec!V14) -> 0 | K14: =IFERROR(I14/J14,"0") -> 0 | L14: =SUM(Jan:Dec!X14) -> 0 | M14: =IFERROR(I14/H14,"0") -> 0
C15: Total Sun | D15: =SUM(Jan:Dec!D15) -> 52 | G15: 11 | H15: =SUM(Jan:Dec!T15) -> 0 | I15: =SUM(Jan:Dec!U15) -> 0 | J15: =SUM(Jan:Dec!V15) -> 0 | K15: =IFERROR(I15/J15,"0") -> 0 | L15: =SUM(Jan:Dec!X15) -> 0 | M15: =IFERROR(I15/H15,"0") -> 0
G16: 12 | H16: =SUM(Jan:Dec!T16) -> 0 | I16: =SUM(Jan:Dec!U16) -> 0 | J16: =SUM(Jan:Dec!V16) -> 0 | K16: =IFERROR(I16/J16,"0") -> 0 | L16: =SUM(Jan:Dec!X16) -> 0 | M16: =IFERROR(I16/H16,"0") -> 0
C17: Highest Sale for the month | D17: =MAX(I5:I35) -> 0 | G17: 13 | H17: =SUM(Jan:Dec!T17) -> 0 | I17: =SUM(Jan:Dec!U17) -> 0 | J17: =SUM(Jan:Dec!V17) -> 0 | K17: =IFERROR(I17/J17,"0") -> 0 | L17: =SUM(Jan:Dec!X17) -> 0 | M17: =IFERROR(I17/H17,"0") -> 0
G18: 14 | H18: =SUM(Jan:Dec!T18) -> 0 | I18: =SUM(Jan:Dec!U18) -> 0 | J18: =SUM(Jan:Dec!V18) -> 0 | K18: =IFERROR(I18/J18,"0") -> 0 | L18: =SUM(Jan:Dec!X18) -> 0 | M18: =IFERROR(I18/H18,"0") -> 0
G19: 15 | H19: =SUM(Jan:Dec!T19) -> 0 | I19: =SUM(Jan:Dec!U19) -> 0 | J19: =SUM(Jan:Dec!V19) -> 0 | K19: =IFERROR(I19/J19,"0") -> 0 | L19: =SUM(Jan:Dec!X19) -> 0 | M19: =IFERROR(I19/H19,"0") -> 0
C20: Lowest Sale for the month | D20: =MIN(I8:I38) -> 0 | G20: 16 | H20: =SUM(Jan:Dec!T20) -> 0 | I20: =SUM(Jan:Dec!U20) -> 0 | J20: =SUM(Jan:Dec!V20) -> 0 | K20: =IFERROR(I20/J20,"0") -> 0 | L20: =SUM(Jan:Dec!X20) -> 0 | M20: =IFERROR(I20/H20,"0") -> 0
G21: 17 | H21: =SUM(Jan:Dec!T21) -> 0 | I21: =SUM(Jan:Dec!U21) -> 0 | J21: =SUM(Jan:Dec!V21) -> 0 | K21: =IFERROR(I21/J21,"0") -> 0 | L21: =SUM(Jan:Dec!X21) -> 0 | M21: =IFERROR(I21/H21,"0") -> 0
G22: 18 | H22: =SUM(Jan:Dec!T22) -> 0 | I22: =SUM(Jan:Dec!U22) -> 0 | J22: =SUM(Jan:Dec!V22) -> 0 | K22: =IFERROR(I22/J22,"0") -> 0 | L22: =SUM(Jan:Dec!X22) -> 0 | M22: =IFERROR(I22/H22,"0") -> 0
C23: Target Achieved | D23: =IF(I36>H36,"Yes","No") -> No | G23: 19 | H23: =SUM(Jan:Dec!T23) -> 0 | I23: =SUM(Jan:Dec!U23) -> 0 | J23: =SUM(Jan:Dec!V23) -> 0 | K23: =IFERROR(I23/J23,"0") -> 0 | L23: =SUM(Jan:Dec!X23) -> 0 | M23: =IFERROR(I23/H23,"0") -> 0
G24: 20 | H24: =SUM(Jan:Dec!T24) -> 0 | I24: =SUM(Jan:Dec!U24) -> 0 | J24: =SUM(Jan:Dec!V24) -> 0 | K24: =IFERROR(I24/J24,"0") -> 0 | L24: =SUM(Jan:Dec!X24) -> 0 | M24: =IFERROR(I24/H24,"0") -> 0
C25: Sales Till Date | D25: =I36 -> 0 | G25: 21 | H25: =SUM(Jan:Dec!T25) -> 0 | I25: =SUM(Jan:Dec!U25) -> 0 | J25: =SUM(Jan:Dec!V25) -> 0 | K25: =IFERROR(I25/J25,"0") -> 0 | L25: =SUM(Jan:Dec!X25) -> 0 | M25: =IFERROR(I25/H25,"0") -> 0
G26: 22 | H26: =SUM(Jan:Dec!T26) -> 0 | I26: =SUM(Jan:Dec!U26) -> 0 | J26: =SUM(Jan:Dec!V26) -> 0 | K26: =IFERROR(I26/J26,"0") -> 0 | L26: =SUM(Jan:Dec!X26) -> 0 | M26: =IFERROR(I26/H26,"0") -> 0
C27: Average Sales | D27: =IFERROR(AVERAGE(I5:I35),"0") -> 0 | G27: 23 | H27: =SUM(Jan:Dec!T27) -> 0 | I27: =SUM(Jan:Dec!U27) -> 0 | J27: =SUM(Jan:Dec!V27) -> 0 | K27: =IFERROR(I27/J27,"0") -> 0 | L27: =SUM(Jan:Dec!X27) -> 0 | M27: =IFERROR(I27/H27,"0") -> 0
C28: Dine in Sales | D28: =SUM(Jan:Dec!D28) -> 0 | G28: 24 | H28: =SUM(Jan:Dec!T28) -> 0 | I28: =SUM(Jan:Dec!U28) -> 0 | J28: =SUM(Jan:Dec!V28) -> 0 | K28: =IFERROR(I28/J28,"0") -> 0 | L28: =SUM(Jan:Dec!X28) -> 0 | M28: =IFERROR(I28/H28,"0") -> 0
C29: Takeaway Sales | D29: =SUM(Jan:Dec!D29) -> 0 | G29: 25 | H29: =SUM(Jan:Dec!T29) -> 0 | I29: =SUM(Jan:Dec!U29) -> 0 | J29: =SUM(Jan:Dec!V29) -> 0 | K29: =IFERROR(I29/J29,"0") -> 0 | L29: =SUM(Jan:Dec!X29) -> 0 | M29: =IFERROR(I29/H29,"0") -> 0
C30: Delivery Sales | D30: =SUM(Jan:Dec!D30) -> 0 | G30: 26 | H30: =SUM(Jan:Dec!T30) -> 0 | I30: =SUM(Jan:Dec!U30) -> 0 | J30: =SUM(Jan:Dec!V30) -> 0 | K30: =IFERROR(I30/J30,"0") -> 0 | L30: =SUM(Jan:Dec!X30) -> 0 | M30: =IFERROR(I30/H30,"0") -> 0
G31: 27 | H31: =SUM(Jan:Dec!T31) -> 0 | I31: =SUM(Jan:Dec!U31) -> 0 | J31: =SUM(Jan:Dec!V31) -> 0 | K31: =IFERROR(I31/J31,"0") -> 0 | L31: =SUM(Jan:Dec!X31) -> 0 | M31: =IFERROR(I31/H31,"0") -> 0
C32: Total Sales | D32: =SUM(D28:D30) -> 0 | G32: 28 | H32: =SUM(Jan:Dec!T32) -> 0 | I32: =SUM(Jan:Dec!U32) -> 0 | J32: =SUM(Jan:Dec!V32) -> 0 | K32: =IFERROR(I32/J32,"0") -> 0 | L32: =SUM(Jan:Dec!X32) -> 0 | M32: =IFERROR(I32/H32,"0") -> 0
C33: Last year sales | D33: 5000 | G33: 29 | H33: =SUM(Jan:Dec!T33) -> 0 | I33: =SUM(Jan:Dec!U33) -> 0 | J33: =SUM(Jan:Dec!V33) -> 0 | K33: =IFERROR(I33/J33,"0") -> 0 | L33: =SUM(Jan:Dec!X33) -> 0 | M33: =IFERROR(I33/H33,"0") -> 0
C34: Growth | D34: =D32-D33 -> -5000 | G34: 30 | H34: =SUM(Jan:Dec!T34) -> 0 | I34: =SUM(Jan:Dec!U34) -> 0 | J34: =SUM(Jan:Dec!V34) -> 0 | K34: =IFERROR(I34/J34,"0") -> 0 | L34: =SUM(Jan:Dec!X34) -> 0 | M34: =IFERROR(I34/H34,"0") -> 0
C35: Growth % | D35: =IFERROR((D32-D33)/D33,"0") -> -1 | G35: 31 | H35: =SUM(Jan:Dec!T35) -> 0 | I35: =SUM(Jan:Dec!U35) -> 0 | J35: =SUM(Jan:Dec!V35) -> 0 | K35: =IFERROR(I35/J35,"0") -> 0 | L35: =SUM(Jan:Dec!X35) -> 0 | M35: =IFERROR(I35/H35,"0") -> 0
G36: Total | H36: =SUM(H5:H35) -> 0 | I36: =SUM(I5:I35) -> 0 | J36: =SUM(J5:J35) -> 0 | K36: =IFERROR(I36/J36,"0") -> 0 | L36: =SUM(L5:L35) -> 0 | M36: =SUM(M5:M35) -> 0
